clonotype_id,frequency,proportion,cdr3s_aa,cdr3s_nt
clonotype1,21,0.0404624277457,IGH:CARDRSVQTASHYFDYW;IGL:CAAWDDTLNGYLF,IGH:TGTGCGAGAGATCGAAGTGTTCAGACTGCTTCCCACTATTTTGACTACTGG;IGL:TGTGCAGCGTGGGATGACACCCTGAATGGTTATCTCTTC
clonotype2,20,0.0385356454721,IGL:CNSRDSSGNHVVF,IGL:TGTAACTCCCGGGACAGCAGTGGTAACCATGTGGTATTC
clonotype3,17,0.0327552986513,IGH:CARHYDHSRFDPW;IGL:CVLYMGSGISVF,IGH:TGTGCGAGACATTATGACCATTCCCGGTTCGACCCCTGG;IGL:TGTGTGCTGTATATGGGTAGTGGCATTTCAGTCTTC
clonotype4,13,0.0250481695568,IGH:CARDFSEMVRGAW;IGL:CMIWHNSASVF,IGH:TGTGCGAGAGATTTTAGTGAAATGGTTCGGGGCGCCTGG;IGL:TGTATGATTTGGCACAACAGCGCTTCGGTATTC
clonotype5,8,0.0154142581888,IGH:CARWGTYYYDSSGYYFGNDAFDIW;IGL:CAAWDDSLNGVVF,IGH:TGTGCGAGATGGGGAACGTATTACTATGATAGTAGTGGTTATTACTTCGGCAATGATGCTTTTGATATCTGG;IGL:TGTGCAGCATGGGATGACAGCCTGAATGGTGTGGTATTC
clonotype6,8,0.0154142581888,IGK:CQKYNSAPLTF,IGK:TGTCAAAAGTATAACAGTGCCCCTCTCACTTTC
clonotype7,7,0.0134874759152,IGL:CSSYAGTNNYVF,IGL:TGCAGCTCATATGCAGGCACCAACAATTATGTCTTC
clonotype8,6,0.0115606936416,IGK:CQKYDSAPRTF,IGK:TGTCAGAAGTATGACAGTGCCCCTCGGACGTTC
clonotype9,5,0.00963391136802,IGH:CARRQQLVREPGHYHLHGMDVW;IGK:CQKYDSAPRTF,IGH:TGTGCGAGAAGGCAGCAATTGGTCCGCGAGCCTGGACACTACCACCTTCACGGTATGGACGTCTGG;IGK:TGTCAGAAGTATGACAGTGCCCCTCGGACGTTC
clonotype11,5,0.00963391136802,IGH:CASYGSGSYYTPRGYW;IGK:CQKYNSAPLTF,IGH:TGTGCGAGTTATGGTTCGGGGAGTTATTATACACCCCGAGGCTACTGG;IGK:TGTCAAAAGTATAACAGTGCCCCTCTCACTTTC
clonotype10,5,0.00963391136802,IGH:CARDRETVRGPYYGMDVW;IGK:CQQANSFPRTF,IGH:TGTGCGAGAGATCGAGAGACGGTTCGGGGACCCTACTACGGTATGGACGTCTGG;IGK:TGTCAACAGGCTAACAGTTTCCCCCGGACGTTC
clonotype12,5,0.00963391136802,IGH:CARGSRGGSLYW;IGL:CQSYDSSLSGSVF,IGH:TGTGCAAGAGGTAGCCGGGGTGGTAGCCTGTACTGG;IGL:TGCCAGTCCTATGACAGCAGCCTGAGTGGTTCGGTGTTC
clonotype13,3,0.00578034682081,IGH:CARAPYSSSWYKYYMDVW;IGL:CQSYDTSLSGVVF,IGH:TGTGCGAGAGCCCCGTATAGCAGCAGCTGGTACAAATACTACATGGACGTCTGG;IGL:TGCCAGTCCTATGACACCAGCCTGAGTGGTGTGGTATTC
clonotype15,3,0.00578034682081,IGL:CQSYDSSLSGSVF,IGL:TGCCAGTCCTATGACAGCAGCCTGAGTGGTTCGGTGTTC
clonotype14,3,0.00578034682081,IGH:CARHYDHSRFDPW,IGH:TGTGCGAGACATTATGACCATTCCCGGTTCGACCCCTGG
clonotype18,2,0.00385356454721,IGL:CMIWHNSASVF,IGL:TGTATGATTTGGCACAACAGCGCTTCGGTATTC
clonotype17,2,0.00385356454721,IGH:CAKDGSAGIALGGLDYW;IGL:CSSYTRSTTVIF,IGH:TGTGCGAAAGATGGTTCAGCCGGTATAGCACTGGGTGGCTTAGACTACTGG;IGL:TGCAGCTCATATACACGCAGTACCACTGTGATATTC
clonotype16,2,0.00385356454721,IGH:CARWGTYYYDSSGYYFGNDAFDIW,IGH:TGTGCGAGATGGGGAACGTATTACTATGATAGTAGTGGTTATTACTTCGGCAATGATGCTTTTGATATCTGG
clonotype139,1,0.0019267822736,IGH:CARGWVQGAATHFDSW;IGK:CLQLIQFPYTF,IGH:TGTGCGCGAGGGTGGGTGCAGGGGGCTGCAACTCACTTTGATTCCTGG;IGK:TGCTTACAACTTATACAATTCCCGTACACTTTT
clonotype138,1,0.0019267822736,IGH:CAHIRDPTTWSLDFR;IGK:CLQHGGSPIYTF,IGH:TGTGCCCATATAAGAGATCCCACCACCTGGTCCCTCGATTTCAGG;IGK:TGTCTGCAGCATGGTGGCTCACCCATCTACACTTTT
clonotype137,1,0.0019267822736,IGH:CARALHRGYSGLDFW;IGL:CQSYDSSNQWVF,IGH:TGTGCGAGAGCGTTACACCGTGGATATAGTGGCCTTGACTTCTGG;IGL:TGTCAGTCTTATGATAGTAGTAATCAATGGGTGTTC
clonotype136,1,0.0019267822736,IGH:CAKDQDVVALRARYFDSW;IGK:CQQYNSHLVTF,IGH:TGTGCGAAAGATCAGGATGTGGTGGCGCTGAGGGCTCGCTACTTCGACTCCTGG;IGK:TGCCAACAATATAATAGTCATTTGGTCACTTTC
clonotype135,1,0.0019267822736,IGH:CARHHGDLPFDYW;IGK:CQQYGSSPLTF,IGH:TGTGCGAGACACCACGGGGACCTCCCATTTGACTACTGG;IGK:TGTCAGCAGTATGGTAGCTCACCGCTCACTTTC
clonotype134,1,0.0019267822736,IGH:CARGDSSGWYLVIDYW;IGL:CLLYYGGAHLF,IGH:TGTGCGAGAGGCGATAGCAGTGGCTGGTACTTGGTGATTGACTACTGG;IGL:TGCCTGCTCTACTATGGTGGTGCTCACCTATTC
clonotype133,1,0.0019267822736,IGH:CASSTVTTSLDYW;IGK:CLQHNSYPRTF,IGH:TGTGCTAGCTCCACGGTGACTACGTCCCTTGACTACTGG;IGK:TGTCTACAGCATAATAGTTACCCTCGGACGTTC
clonotype132,1,0.0019267822736,IGH:CARELGRHSSSWDGGALEYW;IGL:CQSYDSSLSGLVF,IGH:TGTGCGAGAGAATTAGGACGTCATAGCAGCAGCTGGGACGGGGGGGCCCTGGAGTACTGG;IGL:TGCCAGTCCTATGACAGCAGCCTGAGTGGTTTGGTATTC
clonotype131,1,0.0019267822736,IGH:CAKEGSSGWSYGGGYFDLW;IGK:CQQANSFPYTF,IGH:TGTGCGAAAGAGGGTAGCAGTGGCTGGTCCTACGGGGGAGGGTACTTCGATCTCTGG;IGK:TGTCAACAGGCTAACAGTTTCCCGTACACTTTT
clonotype130,1,0.0019267822736,IGH:CAKETYGGSSAYFDYW;IGK:CQQYKSYPFTF,IGH:TGTGCGAAAGAGACATACGGTGGTAGCTCCGCCTACTTTGACTACTGG;IGK:TGCCAACAGTATAAGAGTTATCCGTTCACTTTC
clonotype42,1,0.0019267822736,IGH:CAKRAPYCGPDCPFDYW;IGK:CQHYNSIPLTF,IGH:TGTGCGAAACGGGCCCCATATTGTGGTCCTGATTGCCCCTTCGACTACTGG;IGK:TGCCAACACTATAATAGTATACCGCTCACTTTC
clonotype43,1,0.0019267822736,IGH:CARHAKNYYGSGSPEFDYW;IGL:CCSYAGSSIVVF,IGH:TGTGCGAGACATGCAAAAAATTACTATGGTTCGGGGAGCCCTGAATTTGACTACTGG;IGL:TGCTGCTCATATGCAGGTAGTAGCATTGTGGTATTC
clonotype40,1,0.0019267822736,IGH:CASISSSWYGWELLRGVDYW;IGK:CQQRSRALTF,IGH:TGTGCGAGTATTAGCAGCAGCTGGTACGGGTGGGAGCTACTACGAGGGGTTGACTACTGG;IGK:TGTCAGCAGCGTAGCAGAGCGCTCACTTTC
clonotype41,1,0.0019267822736,IGH:CARDGNDYVWGSYRYTSGIYYYYGMDVW;IGK:CQQYYSTLLTF,IGH:TGTGCGAGGGATGGAAACGATTACGTTTGGGGGAGTTATCGTTATACTTCGGGGATCTACTACTACTACGGTATGGACGTCTGG;IGK:TGTCAACAGTATTATAGTACCCTCCTCACTTTC
clonotype46,1,0.0019267822736,IGK:CQQRSNWLTF,IGK:TGTCAGCAGCGTAGCAACTGGCTCACTTTC
clonotype47,1,0.0019267822736,IGH:CARGIDCSGGSCYPPYWWYFDLW;IGL:CQSYDSSLSGVVF,IGH:TGTGCGAGAGGAATCGATTGTAGTGGTGGTAGCTGCTACCCTCCGTACTGGTGGTACTTCGATCTCTGG;IGL:TGCCAGTCCTATGACAGCAGCCTGAGTGGTGTGGTATTC
clonotype44,1,0.0019267822736,IGH:CVKSPSTVTTYWFDPW;IGL:CSSYTSSSPVF,IGH:TGTGTGAAATCTCCTTCTACGGTGACTACGTACTGGTTCGACCCCTGG;IGL:TGCAGCTCATATACAAGCAGCAGCCCTGTATTC
clonotype45,1,0.0019267822736,IGH:CARHQASPQYYYGSGSDAFDIW;IGL:CNSRDSSGNHLVF,IGH:TGTGCGAGACATCAGGCCAGTCCTCAGTATTACTATGGTTCGGGGAGTGATGCTTTTGATATCTGG;IGL:TGTAACTCCCGGGACAGCAGTGGTAACCATCTGGTGTTC
clonotype48,1,0.0019267822736,IGH:CATGETDAVDFW;IGK:CQKYGTSPRAF,IGH:TGTGCGACCGGGGAGACCGATGCTGTTGATTTCTGG;IGK:TGTCAGAAGTATGGTACCTCACCTCGGGCTTTT
clonotype49,1,0.0019267822736,IGH:CARAHHVLLWFGELPYW;IGK:CMQRIEFPYTF,IGH:TGTGCGAGAGCCCACCATGTATTACTATGGTTCGGGGAGCTTCCCTACTGG;IGK:TGCATGCAACGTATAGAGTTTCCTTACACTTTT
clonotype229,1,0.0019267822736,IGH:CARDFSFGSSGYYSAGRYFQHW;IGK:CQQANSFPLTF,IGH:TGTGCGAGAGACTTTTCATTCGGTAGTAGTGGTTATTACTCCGCGGGCCGGTACTTCCAGCACTGG;IGK:TGTCAACAGGCTAACAGTTTCCCGCTCACTTTC
clonotype228,1,0.0019267822736,IGH:CAKDSLETLYSSGWPVYYYYYYGMDVW;IGL:CSSYTSSSTVVF,IGH:TGTGCGAAAGATTCCCTCGAGACTTTGTATAGCAGTGGCTGGCCCGTCTATTACTACTACTACTACGGTATGGACGTCTGG;IGL:TGCAGCTCATATACAAGCAGCAGCACCGTGGTATTC
clonotype220,1,0.0019267822736,IGH:CATGSGSGKTRVYGLDVW;IGK:CLQDYNYPYTF,IGH:TGTGCAACAGGAAGTGGGTCGGGGAAAACAAGGGTCTACGGTTTGGACGTCTGG;IGK:TGTCTACAAGATTACAATTATCCGTACACTTTT
clonotype227,1,0.0019267822736,IGH:CARGTNSIQFLSAYYYMDVW;IGK:CQQYYSAPTTF,IGH:TGTGCGAGAGGGACGAATTCAATCCAGTTCCTATCCGCCTACTACTACATGGACGTCTGG;IGK:TGTCAGCAATATTATAGTGCTCCGACGACGTTC
clonotype226,1,0.0019267822736,IGH:CARLGDFELLEGWFDSW;IGK:CQLYDSSPPEEFTF,IGH:TGTGCGAGACTGGGGGATTTTGAATTATTGGAGGGCTGGTTCGACTCCTGG;IGK:TGTCAGCTGTATGATAGTTCACCTCCGGAGGAGTTCACTTTC
clonotype225,1,0.0019267822736,IGH:CARLRGGGAFDQTALYGMDVW;IGK:CQQLNSYRALTF,IGH:TGTGCGAGACTTCGAGGTGGGGGGGCCTTTGACCAGACGGCCTTATACGGTATGGACGTCTGG;IGK:TGTCAACAGCTTAATAGTTACCGTGCGCTCACTTTC
clonotype224,1,0.0019267822736,IGH:CARLSWEGYDSSEAGYYYYMDVW;IGK:CQQSYSTPYTF,IGH:TGTGCGAGACTGTCGTGGGAGGGCTATGATAGTAGCGAAGCTGGCTACTACTACTACATGGACGTCTGG;IGK:TGTCAACAGAGTTACAGTACCCCCTACACTTTT
clonotype249,1,0.0019267822736,IGH:CARHGSRDCSGGSCYYVDPYYFDYW;IGK:CQQYYSTPYTF,IGH:TGTGCGAGACATGGGTCCCGCGATTGTAGTGGTGGTAGCTGCTACTATGTGGACCCCTACTACTTTGACTACTGG;IGK:TGTCAGCAATATTATAGTACTCCGTACACTTTT
clonotype248,1,0.0019267822736,IGH:CARAPFSGYWVYYFDSW;IGK:CQQYENIPYTF,IGH:TGTGCGAGAGCCCCATTTAGTGGCTACTGGGTATACTACTTCGACTCCTGG;IGK:TGTCAGCAATATGAAAATATTCCCTATACTTTT
clonotype357,1,0.0019267822736,IGH:CARLLRCSGDTCSPGPDYW;IGK:CQQSYSSLITF,IGH:TGTGCGAGACTTCTGCGCTGTAGTGGTGATACCTGCTCCCCCGGCCCTGACTACTGG;IGK:TGTCAACAGAGTTACAGTAGCCTCATCACCTTC
clonotype356,1,0.0019267822736,IGH:CTTDLAVVATTNDAFDIW;IGK:CQQYYSTLTF,IGH:TGTACCACAGATTTAGCGGTAGTGGCTACGACCAATGATGCTTTTGATATCTGG;IGK:TGTCAGCAATATTATAGTACTCTCACTTTC
clonotype355,1,0.0019267822736,IGH:CARQYYYDSSGYAPFDYW;IGK:CQQANSFPYTF,IGH:TGTGCGAGACAGTATTACTATGATAGTAGTGGTTACGCCCCCTTTGACTACTGG;IGK:TGTCAACAGGCTAACAGTTTCCCGTACACTTTT
clonotype354,1,0.0019267822736,IGH:CARIRSGYSYEKEYYYYYYMDVW;IGL:CQAWDSSTAVF,IGH:TGTGCACGGATACGGAGCGGATACAGCTATGAGAAAGAATACTACTACTACTACTACATGGACGTCTGG;IGL:TGTCAGGCGTGGGACAGCAGCACTGCTGTCTTC
clonotype353,1,0.0019267822736,IGH:CAYGPMVRGAYHYYYYYMDVW;IGK:CMQALQTPRTF,IGH:TGTGCCTATGGCCCTATGGTTCGGGGAGCTTACCACTACTACTACTACTACATGGACGTCTGG;IGK:TGCATGCAAGCTCTACAAACTCCTAGGACGTTC
clonotype352,1,0.0019267822736,IGH:CARDYTEYQLLLYWYFDLW;IGK:CQQYGSSPPTF,IGH:TGTGCGAGAGATTATACGGAGTACCAGCTGCTACTTTACTGGTACTTCGATCTCTGG;IGK:TGTCAGCAGTATGGTAGCTCACCTCCGACGTTC
clonotype351,1,0.0019267822736,IGH:CAKDLTDYFYFGMDVW;IGL:CGTWDSRLSVESYVF,IGH:TGTGCGAAAGACCTCACTGATTACTTCTACTTCGGCATGGACGTCTGG;IGL:TGCGGAACATGGGATAGCAGACTGAGTGTTGAGTCTTATGTCTTC
clonotype350,1,0.0019267822736,IGH:CARVWNPHRNGPWFDPW;IGL:CAAWDDSLSVVVF,IGH:TGTGCGAGAGTATGGAACCCCCACAGAAACGGTCCTTGGTTCGACCCCTGG;IGL:TGTGCAGCATGGGATGACAGCCTGAGTGTCGTGGTATTC
clonotype296,1,0.0019267822736,IGH:CAKDWARVWGGYYFEGFDYW;IGL:CGTWDSSLSAVVF,IGH:TGTGCGAAAGATTGGGCGAGGGTTTGGGGTGGTTATTACTTTGAGGGGTTTGACTACTGG;IGL:TGCGGAACATGGGATAGCAGCCTGAGTGCTGTGGTATTC
clonotype297,1,0.0019267822736,IGH:CARGFGEPNWFDPW;IGK:CQQYGSSPPNF;IGL:CSSYTSSSTVVF,IGH:TGTGCGAGAGGGTTCGGGGAGCCGAACTGGTTCGACCCCTGG;IGK:TGTCAGCAGTATGGTAGCTCACCTCCGAATTTC;IGL:TGCAGCTCATATACAAGCAGCAGCACTGTGGTATTC
clonotype294,1,0.0019267822736,IGH:CAHQTRGIAVAISPYYFDYW;IGK:CQQANSFPTF,IGH:TGTGCACACCAGACCCGGGGTATAGCAGTGGCCATCTCACCGTACTACTTTGACTACTGG;IGK:TGTCAACAGGCTAACAGTTTCCCAACTTTC
clonotype295,1,0.0019267822736,IGH:CARVVSGVAAADYW,IGH:TGTGCGAGAGTTGTAAGTGGTGTAGCAGCAGCTGACTACTGG
clonotype292,1,0.0019267822736,IGH:CARDGTSSGWYLDYW;IGL:CGSYTSSTTGVF,IGH:TGTGCGAGAGACGGGACGAGCAGTGGCTGGTACCTTGACTACTGG;IGL:TGCGGCTCATATACAAGCAGCACCACGGGGGTCTTC
clonotype293,1,0.0019267822736,IGH:CARLQPRYSSSWHFDYW;IGL:CQVWDSSSDHRGVF,IGH:TGTGCGAGACTTCAGCCCCGGTATAGCAGCAGCTGGCACTTTGACTACTGG;IGL:TGTCAGGTGTGGGATAGTAGTAGTGATCATCGAGGGGTATTC
clonotype290,1,0.0019267822736,IGH:CARMGRSWWQRPYNWFDPW;IGK:CQQYDNSRLTF,IGH:TGTGCGAGGATGGGACGCAGCTGGTGGCAACGACCTTATAACTGGTTCGACCCCTGG;IGK:TGTCAGCAATATGATAACTCACGCCTCACTTTC
clonotype358,1,0.0019267822736,IGH:CARLGQQQLVRYYYYYMDVW;IGK:CMQALQTPYTF,IGH:TGTGCGAGACTAGGCCAGCAGCAGCTGGTACGATACTACTACTACTACATGGACGTCTGG;IGK:TGCATGCAAGCTCTACAAACTCCGTACACTTTT
clonotype328,1,0.0019267822736,IGH:CARIRPDGYYFFDYW;IGK:CQQYGSSSYTF,IGH:TGTGCACGGATACGCCCGGATGGATACTACTTCTTTGACTACTGG;IGK:TGTCAGCAGTATGGTAGCTCATCGTACACTTTT
clonotype242,1,0.0019267822736,IGH:CARVTIDYAFDIW;IGL:CSSYTSSSTVVF,IGH:TGTGCGAGGGTCACTATCGATTATGCTTTTGATATCTGG;IGL:TGCAGCTCATATACAAGCAGCAGCACTGTGGTATTC
clonotype173,1,0.0019267822736,IGH:CAKAKVASGWYLDYFDYW;IGK:CQQYGSSPWTF,IGH:TGTGCGAAAGCTAAGGTTGCCAGTGGCTGGTACTTAGACTACTTTGACTACTGG;IGK:TGTCAGCAGTATGGTAGCTCACCGTGGACGTTC
clonotype172,1,0.0019267822736,IGH:CGVSEGFGESHFDYW;IGK:CQQRTHAWSF,IGH:TGTGGCGTCTCGGAGGGGTTCGGGGAGTCACATTTTGACTACTGG;IGK:TGTCAGCAGCGTACCCACGCGTGGTCGTTC
clonotype171,1,0.0019267822736,IGK:CQQYNNWPRTF,IGK:TGTCAGCAGTATAATAACTGGCCTCGGACTTTT
clonotype170,1,0.0019267822736,IGH:CVRGPWRDNGEFGFDYW;IGL:CVTWDSSLSAVVF,IGH:TGTGTCAGAGGGCCGTGGCGGGACAACGGTGAGTTCGGCTTTGACTACTGG;IGL:TGCGTAACTTGGGATAGTAGTCTGAGTGCTGTGGTCTTC
clonotype177,1,0.0019267822736,IGH:CARDWNLANC;IGK:CMQGTRWPAF,IGH:TGTGCGCGAGACTGGAACCTTGCCAACTGC;IGK:TGCATGCAAGGTACACGCTGGCCGGCGTTC
clonotype176,1,0.0019267822736,IGH:CTTFDSHVDSVATYW;IGK:CQQYYSAPQTF,IGH:TGTACCACATTCGACTCTCACGTGGATTCAGTGGCTACGTATTGG;IGK:TGTCAGCAGTATTATAGTGCTCCTCAAACTTTT
clonotype175,1,0.0019267822736,IGH:CAREGDILTGHSFDYW;IGL:CAAWDDSLNGVVF,IGH:TGTGCGAGAGAAGGCGATATTTTGACTGGCCATAGCTTTGACTACTGG;IGL:TGTGCAGCATGGGATGACAGCCTGAATGGTGTGGTATTC
clonotype174,1,0.0019267822736,IGH:CARGDPYYYDSSGYYLGWFDPW;IGK:CQQSYSTPLTF,IGH:TGTGCGAGAGGGGACCCTTATTACTATGATAGTAGTGGTTATTACCTGGGGTGGTTCGACCCCTGG;IGK:TGTCAACAGAGTTACAGTACCCCTCTGACGTTC
clonotype179,1,0.0019267822736,IGH:CARVTPELWTSWFDPW;IGL:CQSYDSSLSVVF,IGH:TGTGCGAGAGTTACCCCGGAGTTATGGACCAGCTGGTTCGACCCCTGG;IGL:TGCCAGTCCTATGACAGCAGCCTGAGTGTGGTATTC
clonotype178,1,0.0019267822736,IGH:CAKEQRSWYNGVLDPW;IGK:CQQYASSPLTF,IGH:TGTGCGAAAGAACAACGCAGCTGGTACAATGGGGTCCTTGACCCCTGG;IGK:TGTCAGCAGTATGCTAGCTCACCTCTCACTTTC
clonotype359,1,0.0019267822736,IGK:CQQSYNTQYTF,IGK:TGTCAACAGAGTTACAATACCCAGTACACTTTT
clonotype91,1,0.0019267822736,IGH:CTSISGYCSSTRCYGYYYYMDVW;IGK:CQQYYSMPWAF,IGH:TGCACCAGCATCTCGGGATATTGTAGTAGTACCAGGTGCTATGGATACTACTACTACATGGACGTCTGG;IGK:TGTCAACAGTATTATAGTATGCCTTGGGCGTTC
clonotype90,1,0.0019267822736,IGL:CQSADSSGTYVF,IGL:TGTCAATCAGCAGACAGCAGTGGTACTTATGTCTTC
clonotype93,1,0.0019267822736,IGH:CAKDQAMTTGYYFGLDVW;IGK:CQQLNSYPPVLTF,IGH:TGTGCAAAAGATCAGGCCATGACTACAGGGTACTACTTCGGTTTGGACGTCTGG;IGK:TGTCAACAGCTTAATAGTTACCCTCCGGTACTCACTTTC
clonotype92,1,0.0019267822736,IGL:CAAWDDSLNGVVF,IGL:TGTGCAGCATGGGATGACAGCCTGAATGGTGTGGTATTC
clonotype95,1,0.0019267822736,IGH:CARDSLEWLVREYSDAFDIW;IGL:CGTWDSSLSAVVF,IGH:TGTGCGAGAGATTCCTTGGAGTGGCTGGTACGAGAGTACTCAGATGCTTTTGATATCTGG;IGL:TGCGGAACATGGGATAGCAGCCTGAGTGCTGTGGTATTC
clonotype94,1,0.0019267822736,IGH:CAKDRDTAMVTYGINWFDPW;IGK:CQQYDNLPLTF,IGH:TGTGCGAAAGATAGGGATACAGCTATGGTTACTTACGGGATAAACTGGTTCGACCCCTGG;IGK:TGTCAACAGTATGATAATCTCCCGCTCACTTTC
clonotype97,1,0.0019267822736,IGH:CAHTGGRELRFDYW;IGK:CQQANSFPLTF,IGH:TGTGCACACACCGGGGGGCGGGAGCTACGATTTGACTACTGG;IGK:TGTCAACAGGCTAACAGTTTCCCGCTCACTTTC
clonotype96,1,0.0019267822736,IGH:CARGRLSLPSVWGSYRYNWDYW;IGL:CGTWDSSLSAYVF,IGH:TGTGCGAGAGGCCGTCTGAGTCTTCCGTCGGTTTGGGGGAGTTATCGTTATAATTGGGACTATTGG;IGL:TGCGGAACATGGGATAGCAGCCTGAGTGCTTATGTCTTC
clonotype99,1,0.0019267822736,IGH:CTRDPRGIYGSGSLNWFDPW;IGK:CQQSYSTPYTF,IGH:TGTACGAGAGACCCGAGGGGTATCTATGGTTCGGGGAGTCTCAACTGGTTCGACCCCTGG;IGK:TGTCAACAGAGTTACAGTACCCCGTACACTTTT
clonotype98,1,0.0019267822736,IGH:CTTYVDTAMVIGYW;IGL:CQAWDSSTEVF,IGH:TGTACCACCTACGTGGATACAGCTATGGTTATCGGCTACTGG;IGL:TGTCAGGCGTGGGACAGCAGCACTGAGGTATTC
clonotype63,1,0.0019267822736,IGH:CASLGSDNSSGYSHW;IGL:CQSADSSGTYVVF,IGH:TGTGCGAGTTTGGGCTCCGACAATAGTAGTGGTTACTCCCACTGG;IGL:TGTCAATCAGCAGACAGCAGTGGTACTTACGTGGTATTC
clonotype79,1,0.0019267822736,IGH:CAKEIVVVISAQIGDAFDIW;IGK:CQQSYSTPPITF,IGH:TGTGCGAAAGAGATAGTAGTGGTTATTTCCGCCCAAATAGGTGATGCTTTTGATATCTGG;IGK:TGTCAACAGAGTTACAGTACCCCTCCGATCACCTTC
clonotype78,1,0.0019267822736,IGL:CSSKRSSNTWVF,IGL:TGCAGCTCAAAAAGAAGTAGTAACACTTGGGTGTTC
clonotype73,1,0.0019267822736,IGH:CATGALPFDYW;IGL:CQSADSSGTYVF,IGH:TGTGCGACGGGTGCACTACCCTTTGACTACTGG;IGL:TGTCAATCAGCAGACAGCAGTGGTACTTATGTCTTC
clonotype72,1,0.0019267822736,IGH:CARGAAEYYDSSTGYFVTWYFDLW;IGL:CSSYTSDDTLVVF,IGH:TGTGCGAGAGGGGCCGCGGAGTATTACGATTCTTCGACAGGTTATTTTGTAACCTGGTATTTCGATCTCTGG;IGL:TGCAGCTCATATACAAGCGACGACACTCTCGTGGTGTTC
clonotype71,1,0.0019267822736,IGH:CAKDHYYDNSGSSEGYWYFDVW;IGL:CQVWDSSSDHVVF,IGH:TGCGCGAAAGATCACTACTATGACAATAGTGGTTCCTCCGAAGGCTACTGGTACTTCGATGTCTGG;IGL:TGTCAGGTGTGGGATAGTAGTAGTGATCACGTGGTTTTC
clonotype70,1,0.0019267822736,IGH:CARLPDYGDYGGPEFDYW;IGK:CQQRSNWITF,IGH:TGTGCGAGACTGCCTGACTACGGTGACTACGGCGGCCCCGAATTTGACTACTGG;IGK:TGTCAGCAGCGTAGCAACTGGATCACCTTC
clonotype77,1,0.0019267822736,IGH:CASMGIGAAAGTYYYYMDVW;IGK:CMQGIHLPTF,IGH:TGTGCGAGTATGGGAATAGGAGCAGCAGCTGGTACTTACTACTACTACATGGACGTCTGG;IGK:TGCATGCAAGGTATACACCTTCCGACGTTC
clonotype76,1,0.0019267822736,IGH:CVKDRHLSGTYLHYYGMDVW;IGL:CAVWDDSLNGLLF,IGH:TGTGTAAAAGACAGACACTTAAGTGGGACATACCTGCACTACTACGGTATGGACGTCTGG;IGL:TGTGCAGTATGGGATGACAGCCTGAATGGTCTGCTGTTC
clonotype75,1,0.0019267822736,IGH:CARAGGPYGSGANDAFDIW;IGK:CQQSYSTPYTF,IGH:TGTGCGAGAGCTGGGGGGCCTTATGGTTCGGGGGCTAATGATGCTTTTGATATCTGG;IGK:TGTCAACAGAGTTACAGTACCCCGTACACTTTT
clonotype74,1,0.0019267822736,IGH:CARDRAFDYW;IGL:CCSYAGSSTFVVF,IGH:TGTGCGAGAGATCGGGCCTTTGACTACTGG;IGL:TGCTGCTCATATGCAGGTAGTAGCACTTTCGTGGTATTC
clonotype319,1,0.0019267822736,IGH:CCGGWSFDYW;IGK:CMQGIHWPLTF,IGH:TGTTGTGGTGGCTGGTCTTTTGACTACTGG;IGK:TGCATGCAAGGTATACACTGGCCTCTCACTTTC
clonotype318,1,0.0019267822736,IGH:CAKDSMVRGVRPPSLFDYW;IGK:CQQYYSFPLTF,IGH:TGTGCGAAAGATTCTATGGTTCGGGGAGTCCGCCCCCCCTCTCTCTTTGACTACTGG;IGK:TGTCAACAGTATTATAGTTTCCCGCTCACTTTC
clonotype313,1,0.0019267822736,IGH:CARRNFFDNSGYYHIDYW;IGK:CQQYISHPWTF,IGH:TGTGCGAGACGAAATTTCTTTGATAATAGTGGTTATTACCACATTGACTACTGG;IGK:TGCCAACAGTATATTAGTCACCCCTGGACGTTC
clonotype312,1,0.0019267822736,IGK:CMQGTHWPPNF,IGK:TGCATGCAAGGTACACACTGGCCTCCGAACTTC
clonotype311,1,0.0019267822736,IGH:CARSTWLFDAFDIW;IGK:CQQYNNWWTF,IGH:TGTGCAAGATCGACTTGGTTATTCGATGCTTTTGATATCTGG;IGK:TGTCAGCAGTATAATAACTGGTGGACGTTC
clonotype310,1,0.0019267822736,IGH:CARHIGSWVSGGSPIDAFDIW;IGK:CQQSYSTLTF,IGH:TGTGCGAGACATATTGGGAGTTGGGTTAGTGGTGGTAGCCCTATTGATGCTTTTGATATCTGG;IGK:TGTCAACAGAGTTACAGTACCCTCACTTTC
clonotype317,1,0.0019267822736,IGH:CARCPPDCYTTSCYVSQNWFDPW;IGL:CCSYGGSNTFVF,IGH:TGTGCGAGATGCCCTCCTGATTGTTATACTACCAGCTGCTATGTGTCCCAGAACTGGTTCGACCCCTGG;IGL:TGCTGCTCATATGGAGGTAGTAACACTTTTGTCTTC
clonotype316,1,0.0019267822736,IGH:CARVGYCAGGGCYGLDYW;IGK:CMQGLQTPQFTF,IGH:TGTGCGAGAGTGGGATATTGTGCTGGTGGTGGCTGCTACGGGCTTGACTACTGG;IGK:TGCATGCAAGGTCTACAAACTCCTCAATTCACTTTC
clonotype315,1,0.0019267822736,IGH:CARLKGDSSGYYSDYW;IGK:CQQSYSTPLGTF,IGH:TGTGCGAGACTGAAGGGAGATAGTAGTGGTTATTACTCTGACTACTGG;IGK:TGTCAACAGAGTTACAGTACCCCTCTGGGGACGTTC
clonotype314,1,0.0019267822736,IGH:CARGGRLLGGSGSYYGNYYYYYYMDVW;IGK:CQQRSNWPPYTF,IGH:TGTGCGAGGGGGGGGAGGTTATTAGGAGGTTCGGGGAGTTATTATGGAAATTACTACTACTACTACTACATGGACGTCTGG;IGK:TGTCAGCAGCGTAGCAACTGGCCTCCGTACACTTTT
clonotype252,1,0.0019267822736,IGH:CARDAYSGSEAYWFDPW;IGK:CQQYNSYFPTF,IGH:TGTGCGAGAGATGCTTATAGTGGGAGCGAAGCCTACTGGTTCGACCCCTGG;IGK:TGCCAACAGTATAATAGTTATTTTCCGACGTTC
clonotype253,1,0.0019267822736,IGH:CVRGRGGNFPYYYSMDVW;IGK:CQQSYITPLTF,IGH:TGTGTTAGAGGGAGGGGGGGGAACTTCCCCTACTACTACTCCATGGACGTCTGG;IGK:TGTCAACAGAGTTACATTACTCCGCTCACTTTC
clonotype250,1,0.0019267822736,IGH:CARDGQWLVPYDYW;IGK:CQQANSFPWTF,IGH:TGTGCGAGAGATGGGCAGTGGCTGGTACCCTATGACTACTGG;IGK:TGTCAACAGGCTAACAGTTTCCCGTGGACGTTC
clonotype251,1,0.0019267822736,IGH:CASGYCSSTSCYAGYYYYYGMDVW;IGK:CQQSYSTLFTF,IGH:TGTGCGAGTGGATATTGTAGTAGTACCAGCTGCTATGCAGGCTACTACTACTACTACGGTATGGACGTCTGG;IGK:TGTCAACAGAGTTACAGTACCCTATTCACTTTC
clonotype256,1,0.0019267822736,IGH:CAHPLSYGSGSYHFDFW;IGL:CGTWDGSLGVVVF,IGH:TGTGCACACCCCCTTAGTTATGGTTCGGGGAGTTATCACTTTGACTTCTGG;IGL:TGCGGAACATGGGATGGCAGCCTGGGTGTTGTGGTGTTC
clonotype257,1,0.0019267822736,IGL:CCSYAGRYIAYVC,IGL:TGCTGCTCATATGCAGGCAGGTACATCGCTTATGTCTGC
clonotype254,1,0.0019267822736,IGH:CAKVESPITMIVAAGAFDIW;IGL:CGTWDSSLSAGVF,IGH:TGTGCGAAAGTTGAGTCCCCTATTACTATGATAGTAGCCGCCGGGGCTTTTGATATCTGG;IGL:TGCGGAACATGGGATAGCAGCCTGAGTGCTGGAGTATTC
clonotype255,1,0.0019267822736,IGH:CAKGDSYSSSPFDYW;IGK:CMQALQTPRTF,IGH:TGTGCGAAAGGGGACTCGTATAGCAGCAGCCCATTTGACTACTGG;IGK:TGCATGCAAGCTCTACAAACTCCCCGGACGTTC
clonotype258,1,0.0019267822736,IGH:CARVMGILTGYYPWGYFDYW;IGK:CQQYDNPPLTF,IGH:TGTGCGAGAGTAATGGGGATTTTGACTGGTTATTATCCTTGGGGCTACTTTGACTACTGG;IGK:TGTCAACAGTATGATAATCCCCCGCTCACTTTC
clonotype259,1,0.0019267822736,IGH:CARGAHITMVRGVIMDW;IGL:CQAWDSSIHVVF,IGH:TGTGCGAGAGGGGCCCACATTACTATGGTTCGGGGAGTTATTATGGACTGG;IGL:TGTCAGGCGTGGGACAGCAGCATCCATGTGGTATTC
clonotype291,1,0.0019267822736,IGH:CAKSKTVAGTLDYW;IGK:CQQYYSTPITF,IGH:TGTGCAAAATCAAAAACAGTGGCTGGTACCCTTGACTACTGG;IGK:TGTCAGCAATATTATAGTACTCCCATCACCTTC
clonotype402,1,0.0019267822736,IGH:CARDRGHSAYDPSFDYW;IGL:CGTRDSSLSAGVVF,IGH:TGTGCGAGAGATCGGGGACACAGTGCCTACGATCCATCATTTGACTACTGG;IGL:TGCGGAACACGGGATAGCAGCCTGAGTGCTGGCGTGGTATTC
clonotype401,1,0.0019267822736,IGH:CARTYEGSGYHYDAPDYW;IGL:CAAWDASLSGYVF,IGH:TGTGCGAGGACCTACGAAGGTAGTGGCTATCACTACGACGCCCCTGACTACTGG;IGL:TGTGCAGCGTGGGATGCCAGCCTGAGTGGTTATGTCTTC
clonotype400,1,0.0019267822736,IGH:CARGAAADYNWFDPW;IGL:CQSADSSGTYVVF,IGH:TGTGCGAGAGGGGCAGCAGCTGACTACAACTGGTTCGACCCCTGG;IGL:TGTCAATCAGCAGACAGCAGTGGTACTTATGTGGTATTC
clonotype108,1,0.0019267822736,IGH:CARGKSSRVTHPDVW;IGK:CHQSSSLPQTF,IGH:TGTGCGAGAGGGAAGAGCTCGAGGGTAACCCACCCGGACGTCTGG;IGK:TGTCATCAGAGTAGTAGTTTACCTCAGACGTTC
clonotype109,1,0.0019267822736,IGH:CARGGLMLRGVIPRDYW;IGK:CQQYYSSPWTF,IGH:TGTGCGAGAGGCGGTCTGATGCTTCGGGGAGTTATCCCTCGGGACTACTGG;IGK:TGTCAGCAATATTATAGTAGTCCGTGGACGTTC
clonotype102,1,0.0019267822736,IGH:CAHTSTSYCSGVVCHLLNYYGLGVW;IGK:CQQSSSTPLTF,IGH:TGTGCACACACTTCGACGTCGTATTGTAGTGGTGTTGTCTGTCACCTCTTAAACTACTACGGTCTGGGCGTCTGG;IGK:TGTCAACAGAGTTCCAGTACCCCTCTCACTTTC
clonotype103,1,0.0019267822736,IGH:CARGAGDYGSGSYYMGYFDYW;IGK:CQQYNNWPPYTF,IGH:TGTGCGAGAGGTGCGGGGGACTATGGTTCGGGGAGTTATTATATGGGCTACTTTGACTACTGG;IGK:TGTCAGCAGTATAATAACTGGCCTCCGTACACTTTT
clonotype100,1,0.0019267822736,IGH:CARDQHGGSRIDYW;IGL:CSSYTGTTVVF,IGH:TGTGCGAGAGACCAACACGGTGGGTCCCGAATTGACTACTGG;IGL:TGCAGCTCATATACAGGCACTACTGTGGTATTC
clonotype101,1,0.0019267822736,IGH:CAREEHYYGSGSTPTGYYYYMDVW;IGK:CQQYNSYPLTF,IGH:TGTGCGAGAGAGGAGCATTACTATGGTTCGGGGAGTACCCCAACTGGCTACTACTACTACATGGACGTCTGG;IGK:TGCCAACAGTATAATAGTTACCCTCTTACGTTC
clonotype106,1,0.0019267822736,IGH:CARHYYDSSGYYPHFDYW;IGL:CQSADSSGTYVVF,IGH:TGTGCGAGACACTACTATGATAGTAGTGGTTATTACCCCCACTTTGACTACTGG;IGL:TGTCAATCAGCAGACAGCAGTGGTACTTATGTGGTATTC
clonotype107,1,0.0019267822736,IGH:CVLVPDHW;IGK:CMQGIHLPYTF,IGH:TGTGTGCTGGTCCCTGACCACTGG;IGK:TGCATGCAAGGTATACACCTTCCGTACACTTTT
clonotype104,1,0.0019267822736,IGH:CAKDPPHGFSGWSYW;IGL:CNSYTSSVTWVF,IGH:TGTGCGAAAGATCCCCCCCATGGTTTCAGTGGCTGGTCGTACTGG;IGL:TGCAACTCATATACAAGCAGTGTCACTTGGGTGTTC
clonotype105,1,0.0019267822736,IGH:CAKAPEMRSIRGGFDSW;IGL:CLLYLGGGISVI,IGH:TGTGCGAAAGCACCGGAGATGCGTTCAATTAGGGGAGGTTTTGACTCTTGG;IGL:TGTTTGCTATATTTGGGTGGAGGCATTTCGGTGATC
clonotype37,1,0.0019267822736,IGH:CAKEGAESSTWYGTGAPFDYW;IGK:CQQSYRTPYTF,IGH:TGTGCAAAAGAGGGGGCTGAAAGCAGCACCTGGTACGGGACCGGAGCCCCTTTTGACTACTGG;IGK:TGTCAACAGAGTTACAGGACCCCGTACACTTTT
clonotype36,1,0.0019267822736,IGH:CAKDLSHYDSSGYADFDYW;IGL:CAAWDDSLNGHVVF,IGH:TGTGCGAAAGATCTTTCCCACTATGATAGTAGTGGTTATGCCGATTTTGACTACTGG;IGL:TGTGCAGCATGGGATGACAGCCTGAATGGTCATGTGGTATTC
clonotype35,1,0.0019267822736,IGH:CARDLIVGATTGAFDIW;IGK:CQQRSNWPWTF,IGH:TGTGCGAGAGACCTTATAGTGGGAGCTACTACCGGTGCTTTTGATATCTGG;IGK:TGTCAGCAGCGTAGCAACTGGCCGTGGACGTTC
clonotype34,1,0.0019267822736,IGH:CAKDFYDSSGYYYSPLPSDYW;IGL:CSSYTSSSTYVF,IGH:TGTGCGAAAGACTTCTATGATAGTAGTGGTTATTACTACTCACCCCTCCCGAGTGACTACTGG;IGL:TGCAGCTCATATACAAGCAGCAGCACTTATGTCTTC
clonotype33,1,0.0019267822736,IGH:CATGGTGWFYW;IGK:CQQYYSSPWTF,IGH:TGTGCGACAGGTGGCACTGGCTGGTTCTACTGG;IGK:TGTCAGCAGTATTATAGCTCACCCTGGACGTTC
clonotype32,1,0.0019267822736,IGH:CARNADRSDLYWFFDLW;IGL:CNSRDNGGDHLIF,IGH:TGTGCGAGAAATGCCGACAGGAGTGACTTATACTGGTTCTTCGATCTCTGG;IGL:TGTAACTCCCGGGACAATGGTGGTGACCATCTGATCTTC
clonotype31,1,0.0019267822736,IGH:CARGDYYYDSSGYYREYYYGMDVW;IGL:CSSYTSSSTLVF,IGH:TGTGCGAGGGGGGATTATTACTATGATAGTAGTGGTTATTACCGCGAATACTACTACGGTATGGACGTCTGG;IGL:TGCAGCTCATATACAAGCAGCAGCACTCTCGTCTTC
clonotype30,1,0.0019267822736,IGH:CARDRGYSYGQCDYW;IGK:CQQYDNLPLTF,IGH:TGTGCGAGAGATCGTGGATACAGCTATGGTCAGTGTGACTACTGG;IGK:TGTCAACAGTATGATAATCTCCCGCTCACTTTC
clonotype39,1,0.0019267822736,IGH:CARFGPGSTSYMDVW;IGL:CCSQADNYSEVF,IGH:TGTGCGAGATTCGGCCCGGGGAGCACAAGTTACATGGACGTCTGG;IGL:TGCTGCTCACAGGCAGACAACTACAGTGAGGTCTTC
clonotype38,1,0.0019267822736,IGH:CAKDCVQCGGYGGHW;IGK:CQQAYLFPLTF,IGH:TGTGCAAAAGATTGTGTCCAATGTGGTGGTTACGGCGGCCACTGG;IGK:TGTCAACAGGCCTATCTTTTTCCGCTCACTTTC
clonotype216,1,0.0019267822736,IGH:CVRGTNNWKGVDYW;IGK:CLQNTHFPHTF,IGH:TGTGTGAGAGGTACCAACAACTGGAAAGGTGTTGACTACTGG;IGK:TGCTTGCAAAATACACACTTTCCTCACACTTTT
clonotype217,1,0.0019267822736,IGH:CARCYVSGDYGIDYW;IGK:CLQHDTFPLTF,IGH:TGTGCGAGGTGCTATGTTTCGGGTGATTATGGCATTGACTACTGG;IGK:TGTCTACAACATGATACTTTCCCGCTCACTTTC
clonotype214,1,0.0019267822736,IGH:CATGIAVAGKMYYYYMDVW;IGK:CQHRFNWPLTF,IGH:TGTGCGACCGGTATAGCGGTGGCTGGTAAAATGTATTACTATTACATGGACGTCTGG;IGK:TGCCAGCACCGTTTCAACTGGCCTCTCACTTTC
clonotype215,1,0.0019267822736,IGH:CARIQREWVLLILGYYYYGMDVW;IGL:CSAYTSSSSSVF,IGH:TGTGCACGGATACAACGGGAGTGGGTACTTCTAATTCTGGGGTACTACTACTACGGTATGGACGTCTGG;IGL:TGCAGCGCATATACAAGCAGCAGCTCTTCAGTATTC
clonotype212,1,0.0019267822736,IGH:CARDLRTPIVGGTDLYYYYMDVW;IGK:CQQSFRTPTF,IGH:TGTGCGAGAGATCTCCGGACACCCATAGTGGGAGGTACTGATCTCTACTACTACTACATGGACGTCTGG;IGK:TGTCAACAGAGTTTCAGAACCCCCACTTTC
clonotype213,1,0.0019267822736,IGH:CAQRGYCSGGVCYSWHFHSW;IGL:CSSFTSSSTFVF,IGH:TGTGCTCAAAGGGGATATTGTAGTGGTGGTGTCTGCTACTCGTGGCACTTTCACTCCTGG;IGL:TGCAGCTCATTTACAAGCAGCAGCACTTTTGTCTTC
clonotype210,1,0.0019267822736,IGH:CARDAAEWLRWGADYW;IGL:CGTWDSSLSAGGVF,IGH:TGTGCGAGAGACGCCGCGGAGTGGCTACGTTGGGGCGCTGACTACTGG;IGL:TGCGGAACATGGGATAGCAGCCTGAGTGCTGGGGGGGTATTC
clonotype211,1,0.0019267822736,IGH:CGFGDTMGVHWFDPR;IGK:CHHYHNWPPYTF,IGH:TGTGGCTTCGGGGACACGATGGGGGTACACTGGTTCGACCCCAGG;IGK:TGTCACCACTATCATAACTGGCCTCCGTACACTTTT
clonotype218,1,0.0019267822736,IGH:CACFSGRELHIDSW;IGK:CQQTYSIFRTF,IGH:TGTGCGTGTTTTAGTGGGAGGGAACTGCACATTGACTCCTGG;IGK:TGTCAACAGACTTACAGTATTTTCCGGACGTTT
clonotype219,1,0.0019267822736,IGH:CAKDMGSSQTRTGIAADQTGGMDVW;IGK:CQQSYSTPLTF,IGH:TGTGCAAAAGATATGGGGAGCTCACAAACCAGAACAGGTATAGCAGCAGACCAGACCGGCGGTATGGACGTCTGG;IGK:TGTCAACAGAGTTACAGTACCCCCCTCACTTTC
clonotype289,1,0.0019267822736,IGH:CARGRPIVATIIGFYYYYYMDVW;IGK:CQRYGRSPPMYTF,IGH:TGTGCGAGAGGCCGCCCTATAGTGGCTACGATTATAGGTTTCTACTACTATTACTACATGGACGTCTGG;IGK:TGTCAGCGGTATGGTCGCTCACCTCCCATGTACACTTTT
clonotype363,1,0.0019267822736,IGH:CARLASYYYDSSGYSDYW;IGL:CQSYDSSNQVF,IGH:TGTGCGAGACTCGCCTCGTATTACTATGATAGTAGTGGTTATTCGGACTACTGG;IGL:TGTCAGTCTTATGATAGCAGCAATCAGGTGTTC
clonotype362,1,0.0019267822736,IGH:CVSPDTAIAYW;IGK:CQQYDNLLWTF,IGH:TGTGTGAGCCCTGATACAGCTATCGCCTACTGG;IGK:TGTCAACAGTATGATAATCTCCTGTGGACGTTC
clonotype288,1,0.0019267822736,IGH:CAKDKFYCSGGACTGFDYW;IGK:CTQATQFPWTF,IGH:TGTGCGAAAGACAAGTTTTATTGTAGTGGTGGTGCCTGCACCGGTTTTGACTACTGG;IGK:TGCACGCAAGCTACACAATTTCCATGGACGTTC
clonotype360,1,0.0019267822736,IGH:CAKGRGDWASTWFDPW;IGL:CCSYAGFYSLTF,IGH:TGTGCGAAAGGCCGGGGTGACTGGGCAAGTACCTGGTTCGACCCCTGG;IGL:TGCTGCTCATATGCAGGCTTCTACAGTTTGACGTTT
clonotype361,1,0.0019267822736,IGH:CARLRGSSWHHGGYYFDYW;IGK:CQQYNSYPLTF,IGH:TGTGCGAGACTCCGGGGCAGCAGCTGGCACCACGGCGGCTACTACTTTGACTACTGG;IGK:TGCCAACAGTATAATAGTTACCCTCTCACTTTC
clonotype366,1,0.0019267822736,IGH:CAKDLLYYYDSQDYW;IGL:CSSYTSSSTVVF,IGH:TGTGCGAAAGATCTCCTGTATTACTATGATAGCCAGGACTACTGG;IGL:TGCAGCTCATATACAAGCAGCAGCACTGTGGTCTTC
clonotype367,1,0.0019267822736,IGH:CARKVWLVNFNYGMDVW;IGK:CQQYGTSLYTF,IGH:TGTGCGCGAAAAGTGTGGCTGGTCAATTTCAATTACGGTATGGACGTCTGG;IGK:TGTCAGCAGTATGGGACCTCACTGTACACTTTT
clonotype364,1,0.0019267822736,IGH:CATGGTADYDDGSTVVHDYW;IGK:CMQAINLQSF,IGH:TGTGCGACCGGGGGGACCGCCGACTATGATGACGGCAGCACGGTCGTCCACGACTACTGG;IGK:TGTATGCAAGCTATAAACCTTCAATCTTTT
clonotype365,1,0.0019267822736,IGH:CARSNLVSIYLFDYW;IGK:CQQYNSYSPWTF,IGH:TGTGCGAGATCGAACCTCGTCAGCATATACCTATTTGACTACTGG;IGK:TGCCAACAGTATAATAGTTATTCTCCGTGGACGTTC
clonotype281,1,0.0019267822736,IGH:CARGRTVTKDFDSW;IGL:CCSYAGTTTFEVF,IGH:TGTGCGAGGGGGAGGACGGTGACTAAGGACTTTGACTCCTGG;IGL:TGCTGCTCATATGCAGGTACTACCACTTTCGAGGTATTC
clonotype280,1,0.0019267822736,IGH:CARRLEGYCSGGSCYPLGYW;IGL:CSSYTSSSILGVF,IGH:TGTGCGAGAAGGTTGGAAGGATATTGTAGTGGTGGTAGTTGCTACCCGCTGGGGTACTGG;IGL:TGCAGCTCATATACAAGCAGCAGCATTCTCGGGGTATTC
clonotype368,1,0.0019267822736,IGH:CAKGGTLVRGVNLLGYYYYMDVW;IGK:CQQYGSSPPYTF,IGH:TGTGCGAAAGGCGGGACTCTGGTTCGGGGAGTTAATCTTTTGGGCTACTATTATTATATGGACGTCTGG;IGK:TGTCAGCAATATGGTAGCTCACCGCCGTACACTTTT
clonotype282,1,0.0019267822736,IGH:CARVASLGGRRPFDYW;IGL:CQVWDSSSDHPVVF,IGH:TGTGCGAGAGTGGCGTCCCTTGGGGGCCGCCGCCCCTTTGACTACTGG;IGL:TGTCAGGTGTGGGATAGTAGTAGTGATCATCCTGTGGTATTC
clonotype285,1,0.0019267822736,IGH:CARSLITMIVVVITSDAFDIW;IGL:CNSRDSSGNHWVF;IGL:CYSAADNNGVF,IGH:TGTGCGAGATCCCTAATTACTATGATAGTAGTGGTTATTACTTCTGATGCTTTTGATATCTGG;IGL:TGTAACTCCCGGGACAGCAGTGGTAACCATTGGGTGTTC;IGL:TGTTACTCTGCGGCTGACAACAATGGGGTATTC
clonotype284,1,0.0019267822736,IGH:CARFSGSYLRTPADGWFDPW;IGL:CAAWDDSLSGPVF,IGH:TGTGCGAGGTTTAGTGGGAGCTACCTCAGAACCCCCGCGGATGGCTGGTTCGACCCCTGG;IGL:TGTGCAGCATGGGATGACAGCCTGAGTGGTCCGGTGTTC
clonotype287,1,0.0019267822736,IGL:CQSYDSSLSGSVF,IGL:TGCCAGTCCTATGACAGCAGCCTGAGTGGTTCGGTATTC
clonotype286,1,0.0019267822736,IGH:CARSVYSSGWGGADYYYYYYMDVW;IGK:CQQSYSTPMYTF,IGH:TGTGCGAGGTCCGTGTATAGCAGTGGCTGGGGCGGAGCCGATTACTACTACTACTACTACATGGACGTCTGG;IGK:TGTCAACAGAGTTACAGTACCCCCATGTACACTTTT
clonotype283,1,0.0019267822736,IGH:CRAIAVAGTNNWFDPW;IGL:CAAWDDSLNGPVF,IGH:TGTAGGGCTATAGCAGTGGCTGGTACAAACAACTGGTTCGACCCCTGG;IGL:TGTGCAGCATGGGATGACAGCCTGAATGGTCCGGTATTC
clonotype369,1,0.0019267822736,IGH:CARQGEGDAYNLPFDLW;IGK:CQQCNSLVGYTF,IGH:TGTGCGCGACAGGGGGAGGGGGATGCCTACAATTTGCCCTTTGACCTCTGG;IGK:TGTCAACAGTGTAATAGCCTAGTGGGGTACACCTTT
clonotype148,1,0.0019267822736,IGH:CAKRTSGAYPFDFW;IGK:CQQYNNWPLTF,IGH:TGTGCGAAAAGGACATCCGGGGCCTATCCCTTTGACTTTTGG;IGK:TGTCAGCAGTATAATAACTGGCCTCTCACTTTC
clonotype149,1,0.0019267822736,IGH:CAKNPLGDYAYYYYHMDVW;IGK:CQQANSFPYTF,IGH:TGTGCGAAAAACCCCCTCGGTGACTACGCCTACTACTACTACCACATGGACGTCTGG;IGK:TGTCAACAGGCTAACAGTTTCCCGTACACTTTT
clonotype146,1,0.0019267822736,IGH:CATVNGSGSYYRGTTYYYYYMDVW;IGK:CQQSYSTLYTF,IGH:TGTGCGACAGTAAATGGTTCGGGGAGTTATTACCGCGGGACTACCTACTACTACTACTACATGGACGTCTGG;IGK:TGTCAACAGAGTTACAGTACCCTGTACACTTTT
clonotype147,1,0.0019267822736,IGH:CARDSPANIEGIRGLDYW;IGK:CMQALQTPYTF,IGH:TGTGCGAGAGACTCCCCCGCGAATATAGAAGGAATTAGGGGACTTGACTACTGG;IGK:TGCATGCAAGCTCTACAAACTCCGTACACTTTT
clonotype144,1,0.0019267822736,IGH:CATLHYVEVW;IGL:CLLFYSNSRVF,IGH:TGTGCGACTCTTCACTACGTGGAGGTCTGG;IGL:TGCTTACTCTTCTACAGTAATTCTCGGGTATTC
clonotype145,1,0.0019267822736,IGH:CAHRRPASGHNFFDNW;IGK:CQQYFDTSYTF,IGH:TGTGCACACAGACGACCAGCATCTGGTCACAATTTTTTTGACAACTGG;IGK:TGTCAGCAATATTTTGATACTTCGTACACTTTT
clonotype142,1,0.0019267822736,IGH:CARSLRYFDWLHW;IGK:CQQRSNWLTF,IGH:TGTGCGAGGTCATTACGATATTTTGACTGGTTGCACTGG;IGK:TGTCAGCAGCGTAGCAACTGGCTCACTTTC
clonotype143,1,0.0019267822736,IGH:CTRVPGPWLGPGDYW;IGL:CSSYTSSSTYVF,IGH:TGTACTAGGGTACCAGGGCCGTGGCTGGGACCCGGTGACTACTGG;IGL:TGCAGCTCATATACAAGCAGCAGCACTTATGTCTTC
clonotype140,1,0.0019267822736,IGH:CARGPMTAHLDHW;IGL:CHSYDSSLSASGVF,IGH:TGTGCGAGGGGGCCGATGACTGCCCACCTGGACCACTGG;IGL:TGCCACTCCTATGACAGCAGTCTAAGTGCTTCGGGGGTCTTC
clonotype141,1,0.0019267822736,IGH:CARGSRGGSLYW,IGH:TGTGCAAGAGGTAGCCGGGGTGGTAGCCTGTACTGG
clonotype86,1,0.0019267822736,IGH:CSRIGPPGADSFDFW;IGK:CQQSYNTPLTF,IGH:TGTAGTAGAATTGGCCCACCTGGCGCGGATAGTTTTGATTTCTGG;IGK:TGTCAACAGAGTTACAACACCCCTCTCACTTTC
clonotype223,1,0.0019267822736,IGH:CARDSYYDILTGYFYAFDIW;IGL:CSSYTSSSTRVF,IGH:TGTGCGAGAGATTCGTATTACGATATTTTGACTGGTTATTTTTATGCTTTTGATATCTGG;IGL:TGCAGCTCATATACAAGCAGCAGCACTCGGGTCTTC
clonotype84,1,0.0019267822736,IGH:CAKDRPPSTNSGYSTFDYW;IGL:CSSYTSRATPVF,IGH:TGTGCGAAAGATCGTCCCCCGTCGACGAATAGTGGTTACTCGACGTTTGACTACTGG;IGL:TGCAGCTCATATACAAGCAGAGCCACTCCCGTCTTC
clonotype85,1,0.0019267822736,IGH:CATDERSSWFFLW;IGK:CQQYGSSPPITF,IGH:TGTGCGACAGATGAGAGAAGCAGCTGGTTCTTTCTCTGG;IGK:TGTCAGCAGTATGGTAGCTCGCCTCCGATCACCTTC
clonotype82,1,0.0019267822736,IGH:CARDEVVPDYYYYYYGMDVW;IGK:CLQHNSYPWTF,IGH:TGTGCGAGAGACGAAGTAGTACCAGATTATTACTACTACTACTACGGTATGGACGTCTGG;IGK:TGTCTACAGCATAATAGTTACCCGTGGACGTTC
clonotype83,1,0.0019267822736,IGH:CARHLGFCSGGSCSPGDAFDIW;IGL:CGTWDSSLGASVF,IGH:TGTGCGAGACATCTAGGATTTTGTAGTGGTGGTAGCTGCTCCCCGGGCGATGCTTTTGATATCTGG;IGL:TGCGGAACATGGGATAGCAGCCTGGGTGCTTCTGTCTTC
clonotype80,1,0.0019267822736,IGH:CARQVAAAAGPLNWFDPW;IGL:CQVWDSSSDHAVF,IGH:TGTGCGAGACAGGTGGCGGCAGCAGCTGGCCCTTTAAACTGGTTCGACCCCTGG;IGL:TGTCAGGTGTGGGATAGTAGTAGTGATCATGCTGTGTTC
clonotype81,1,0.0019267822736,IGH:CARGDTSYYDTSGYPLDYW;IGK:CHQSSSLPRTF,IGH:TGTGCGAGAGGGGACACGTCTTACTATGATACTAGTGGTTATCCCCTTGACTACTGG;IGK:TGTCATCAGAGTAGTAGTTTACCTCGAACGTTC
clonotype221,1,0.0019267822736,IGH:CAKDRGGDSSGYYFDYW;IGL:CNSRDSSGNHVVF,IGH:TGTGCAAAAGATAGGGGGGGGGATAGTAGTGGTTATTACTTTGACTACTGG;IGL:TGTAACTCCCGGGACAGCAGTGGTAACCATGTGGTATTC
clonotype88,1,0.0019267822736,IGH:CTTDQFGYFDYW;IGL:CCSYAGSSTSYVVF,IGH:TGTACCACAGATCAATTCGGCTACTTTGACTACTGG;IGL:TGCTGCTCATATGCAGGTAGTAGCACTTCCTATGTGGTATTC
clonotype89,1,0.0019267822736,IGH:CARRIVWAGFDSW;IGK:CQQYSTYPWTF,IGH:TGTGCACGCAGGATAGTGTGGGCTGGCTTTGACTCCTGG;IGK:TGCCAACAGTATAGCACTTATCCGTGGACGTTC
clonotype68,1,0.0019267822736,IGH:CARFSSSWGGGDFDYW;IGL:CSSYTSSSTDVVF,IGH:TGTGCACGTTTTAGCAGCAGCTGGGGGGGGGGGGACTTTGACTACTGG;IGL:TGCAGCTCATATACAAGCAGCAGCACTGATGTGGTATTC
clonotype69,1,0.0019267822736,IGH:CANRGTFSYGSGLPDQHYFDYW;IGL:CSSYTSSSTVVF,IGH:TGTGCGAATAGGGGTACGTTTTCTTACGGTTCGGGGCTCCCCGACCAACACTACTTTGACTACTGG;IGL:TGCAGCTCATACACAAGCAGCAGCACTGTGGTGTTC
clonotype222,1,0.0019267822736,IGH:CARGPYNWKDNRDHYDGLDVW,IGH:TGTGCGAGAGGCCCCTACAACTGGAAAGACAATAGGGACCACTACGACGGGTTGGACGTCTGG
clonotype60,1,0.0019267822736,IGH:CAKSVGGSGYEIWDYW;IGK:CQQYGHWPLTF,IGH:TGTGCGAAGAGTGTGGGGGGGAGTGGCTACGAGATTTGGGACTACTGG;IGK:TGTCAGCAGTATGGTCACTGGCCGCTCACTTTC
clonotype61,1,0.0019267822736,IGH:CARVVAAGTILGAFDIW;IGK:CQQYNSYSPWTF,IGH:TGTGCGAGAGTTGTAGCAGCTGGTACGATTTTAGGCGCTTTTGATATCTGG;IGK:TGCCAACAGTATAATAGTTATTCTCCGTGGACGTTC
clonotype62,1,0.0019267822736,IGH:CARDDYIDAFDIW;IGK:CHQSSSLPRTF,IGH:TGTGCGAGAGACGACTACATCGATGCTTTTGATATCTGG;IGK:TGTCATCAGAGTAGTAGTTTACCTCGAACGTTC
clonotype64,1,0.0019267822736,IGH:CAKDLRAFTASDYAYW;IGK:CMQGTYWPLTF,IGH:TGTGCGAAAGACCTGCGTGCGTTTACTGCCTCCGATTATGCCTACTGG;IGK:TGCATGCAAGGTACATACTGGCCTCTCACTTTC
clonotype65,1,0.0019267822736,IGH:CAKSSSDSSSNMDVW;IGK:CQQYKTYPRTF,IGH:TGTGCGAAGAGTAGTAGCGACTCCTCTTCCAACATGGACGTCTGG;IGK:TGCCAACAATATAAAACTTACCCTCGAACGTTC
clonotype66,1,0.0019267822736,IGH:CVRDESGLEYW;IGK:CHQSSSLPYTF,IGH:TGTGTAAGAGATGAATCGGGTCTTGAGTACTGG;IGK:TGTCATCAGAGTAGTAGCTTACCGTACACTTTT
clonotype67,1,0.0019267822736,IGH:CAREGAAAGYYYYYYMDVW;IGL:CQAWDSSTVVF,IGH:TGTGCGAGAGAGGGAGCAGCAGCTGGTTACTACTACTACTACTACATGGACGTCTGG;IGL:TGTCAGGCGTGGGACAGCAGCACTGTGGTATTC
clonotype326,1,0.0019267822736,IGH:CARGGGAGSYFGAYYYYYMDVW;IGK:CQQYNNWPAF,IGH:TGTGCGAGAGGGGGCGGGGCTGGGAGCTACTTTGGGGCCTACTACTACTACTACATGGACGTCTGG;IGK:TGTCAGCAGTATAATAACTGGCCCGCTTTC
clonotype327,1,0.0019267822736,IGH:CARDGRKRLYDAFDIW;IGK:CQQSYSTPWTF,IGH:TGTGCGAGAGATGGGCGCAAACGACTGTATGATGCTTTTGATATCTGG;IGK:TGTCAACAGAGTTACAGTACCCCGTGGACGTTC
clonotype324,1,0.0019267822736,IGH:CAREAYCNEVSCWTFDSW;IGK:CQQRSVWPPTF,IGH:TGTGCGAGAGAGGCATATTGTAATGAAGTCAGTTGTTGGACCTTTGACTCCTGG;IGK:TGTCAGCAACGTAGTGTCTGGCCCCCCACCTTC
clonotype325,1,0.0019267822736,IGH:CARVRDSDGWFPFDSW;IGK:CQQYNIYPLTF,IGH:TGTGCTAGAGTGAGAGATAGCGATGGCTGGTTTCCCTTTGACTCCTGG;IGK:TGCCAACAGTATAATATTTATCCGCTCACTTTC
clonotype322,1,0.0019267822736,IGK:CQQANSFPITF,IGK:TGTCAACAGGCTAACAGTTTCCCCATCACCTTC
clonotype323,1,0.0019267822736,IGH:CARGGGSDSW;IGK:CMQGTHWPRTF,IGH:TGTGCGAGGGGGGGTGGCTCCGATTCCTGG;IGK:TGCATGCAAGGTACACACTGGCCTCGAACGTTC
clonotype320,1,0.0019267822736,IGH:CARRSYDSSGYSDAFDIW;IGL:CNSRDSSGNHLVF;IGL:CLSADSSGTYGVF,IGH:TGTGCGAGACGTTCCTATGATAGTAGTGGTTATTCTGATGCTTTTGATATCTGG;IGL:TGTAACTCCCGGGACAGCAGTGGTAACCATCTAGTATTC;IGL:TGTCTATCAGCAGACAGCAGTGGTACTTATGGGGTGTTC
clonotype321,1,0.0019267822736,IGH:CARDGRIHSYGLFYMDVW;IGK:CQQYGSSPGTF,IGH:TGTGCGAGAGATGGGCGAATACACAGCTATGGTTTGTTTTACATGGACGTCTGG;IGK:TGTCAGCAGTATGGCAGCTCACCAGGGACGTTC
clonotype245,1,0.0019267822736,IGH:CARVRPVAGKRDYFDLW;IGL:CQSYDGGLTATVF,IGH:TGTGCGAGAGTGCGACCAGTGGCTGGCAAAAGGGACTATTTTGACCTCTGG;IGL:TGCCAGTCATATGACGGCGGCCTGACTGCTACGGTGTTC
clonotype244,1,0.0019267822736,IGH:CAREVLLWFGAITMFDPW;IGL:CAAWDDSLSGWVF,IGH:TGTGCAAGAGAGGTATTACTATGGTTCGGGGCGATCACGATGTTCGACCCCTGG;IGL:TGTGCAGCATGGGATGACAGCCTGAGTGGTTGGGTGTTC
clonotype247,1,0.0019267822736,IGH:CARVVSGSYQGPFDYW;IGK:CQQYYSTPLTF,IGH:TGTGCGAGAGTGGTCAGTGGGAGCTACCAAGGGCCTTTTGACTACTGG;IGK:TGTCAGCAATATTATAGTACTCCTCTCACTTTC
clonotype246,1,0.0019267822736,IGH:CAKDPGYSSSWYYFDYW;IGL:CGTWDSSLSAGVF,IGH:TGTGCAAAAGATCCGGGATATAGCAGCAGCTGGTACTACTTTGACTACTGG;IGL:TGCGGAACATGGGATAGCAGCCTGAGTGCTGGAGTGTTC
clonotype241,1,0.0019267822736,IGH:CARDPIYGMDVW;IGL:CNSRDSSGNRVF,IGH:TGTGCGAGAGACCCCATCTACGGTATGGACGTCTGG;IGL:TGTAACTCCCGGGACAGCAGTGGTAACCGGGTATTC
clonotype240,1,0.0019267822736,IGH:CARREMTTIDFDYW;IGL:CQSADSSATYVLF,IGH:TGTGCGAGACGAGAGATGACTACAATTGATTTTGACTACTGG;IGL:TGTCAATCAGCAGACAGCAGTGCTACTTATGTGCTATTC
clonotype243,1,0.0019267822736,IGH:CARDEKKSCSGTGSRCYYFDYW;IGK:CMQGTHWPLTF,IGH:TGTGCGAGAGATGAGAAGAAGTCCTGTAGTGGAACTGGTAGTAGGTGCTACTACTTTGACTACTGG;IGK:TGCATGCAAGGGACACACTGGCCCCTCACTTTC
clonotype329,1,0.0019267822736,IGH:CARDGRIMRAEVW;IGK:CQQYYSYLGTF;IGK:CQQYNNWPPWTF,IGH:TGTGCGAGAGATGGGAGGATTATGCGGGCGGAGGTCTGG;IGK:TGTCAACAGTATTATAGTTACCTCGGGACTTTC;IGK:TGTCAGCAGTATAATAACTGGCCTCCTTGGACGTTC
clonotype182,1,0.0019267822736,IGK:CQQYDGSATF,IGK:TGTCAGCAGTATGATGGCTCAGCGACGTTC
clonotype183,1,0.0019267822736,IGH:CARGSGGMGMIAFDIW;IGK:CQQSYSTPALTF;IGK:CLQHNSYPPWTF,IGH:TGTGCGAGAGGCTCTGGGGGAATGGGCATGATTGCTTTTGATATCTGG;IGK:TGTCAACAGAGTTACAGTACCCCCGCGCTCACTTTC;IGK:TGTCTACAGCATAATAGTTACCCTCCGTGGACGTTC
clonotype180,1,0.0019267822736,IGH:CARFQDYGSGSYFPDFW;IGL:CMIWHSSAYVF,IGH:TGTGCACGCTTTCAAGACTATGGTTCGGGGAGTTACTTTCCGGACTTCTGG;IGL:TGTATGATTTGGCACAGCAGCGCTTATGTCTTC
clonotype181,1,0.0019267822736,IGH:CTRSGVGWPFDYW;IGK:CQQYNNWPYTF,IGH:TGTACTAGGAGTGGAGTCGGCTGGCCGTTCGACTACTGG;IGK:TGTCAGCAGTATAATAACTGGCCGTACACTTTT
clonotype186,1,0.0019267822736,IGH:CARDLDYGSGSYPSW;IGK:CQQYNSYWTF,IGH:TGTGCGAGAGATCTAGACTATGGTTCGGGGAGTTACCCTTCCTGG;IGK:TGCCAACAGTATAATAGTTATTGGACGTTC
clonotype187,1,0.0019267822736,IGH:CARDKTYYGSGSYYFGYWYFDLW;IGL:CVLYMGSGIVLF,IGH:TGTGCGAGAGATAAGACCTACTATGGTTCGGGGAGTTATTATTTTGGGTACTGGTACTTCGATCTCTGG;IGL:TGTGTGCTGTATATGGGTAGTGGCATCGTGCTTTTC
clonotype184,1,0.0019267822736,IGH:CAAGGHYYDSSGYPLDYW;IGL:CAAWDDSLNVLF,IGH:TGTGCGGCAGGGGGCCATTACTATGATAGTAGTGGTTATCCCCTTGACTACTGG;IGL:TGTGCAGCATGGGATGACAGCCTGAATGTCCTATTC
clonotype185,1,0.0019267822736,IGH:CARDEMGAAGTDYGLDVW;IGL:CAGWDDSLNGWVF,IGH:TGCGCGAGAGATGAAATGGGAGCTGCCGGGACGGATTACGGTCTGGACGTCTGG;IGL:TGTGCAGGATGGGATGACAGCCTGAATGGTTGGGTGTTC
clonotype188,1,0.0019267822736,IGH:CARGRPVYSSSWLYYFDYW;IGK:CQQSYSTPLTF,IGH:TGTGCGAGAGGTAGGCCGGTGTATAGCAGCAGCTGGTTATACTACTTTGACTACTGG;IGK:TGTCAACAGAGTTACAGTACCCCCCTCACTTTC
clonotype189,1,0.0019267822736,IGH:CAKGDVGFHVGYPFDIW;IGL:CQVWDGDSDHVVF,IGH:TGTGCGAAAGGCGACGTTGGTTTTCATGTGGGGTATCCTTTTGATATCTGG;IGL:TGTCAGGTGTGGGATGGTGATAGTGATCATGTGGTGTTC
clonotype115,1,0.0019267822736,IGH:CARGPYCSGGSCYSYHGLDVW;IGK:CQHYDHLPYAF,IGH:TGTGCGAGAGGTCCATATTGTAGTGGTGGCAGCTGCTACTCTTACCATGGTTTGGACGTCTGG;IGK:TGTCAACACTATGATCATCTCCCGTACGCTTTT
clonotype114,1,0.0019267822736,IGH:CARIRNSWDYYYGMDVW;IGK:CQQYGSSPQDTF,IGH:TGTGCACGGATACGAAATTCCTGGGACTACTACTACGGTATGGACGTCTGG;IGK:TGTCAGCAGTATGGTAGCTCACCTCAAGACACTTTT
clonotype117,1,0.0019267822736,IGH:CARERAVRDYDILTGYYNWNYFDYW;IGL:CNSRDSSGNHPYVF,IGH:TGTGCGAGAGAGAGGGCGGTAAGGGATTACGATATTTTGACTGGTTATTATAACTGGAACTACTTTGACTACTGG;IGL:TGTAACTCCCGGGACAGCAGTGGTAACCATCCTTATGTCTTC
clonotype116,1,0.0019267822736,IGH:CARDPGSSSFDLW;IGK:CMQGTFWPTF,IGH:TGCGCGAGAGATCCGGGGTCTAGCAGCTTCGATCTCTGG;IGK:TGCATGCAAGGTACATTCTGGCCTACTTTC
clonotype111,1,0.0019267822736,IGH:CARASYHDYENDATDYW;IGK:CLQDYNYPHTF,IGH:TGTGCGAGAGCAAGCTATCATGACTACGAAAATGACGCGACTGACTACTGG;IGK:TGTCTACAAGATTACAATTACCCTCACACTTTT
clonotype110,1,0.0019267822736,IGH:CAKDLVAANGLYDPFDMR;IGK:CQQYGKSSAMLTF,IGH:TGTGCGAAGGATCTGGTGGCGGCCAATGGGCTTTATGATCCTTTTGATATGAGG;IGK:TGTCAGCAGTATGGGAAGTCATCTGCAATGCTCACTTTT
clonotype113,1,0.0019267822736,IGH:CAKSAAGTIYYYYGMDVW;IGK:CQQANSFPLTF,IGH:TGTGCAAAGTCAGCAGCTGGTACAATCTACTACTACTACGGTATGGACGTCTGG;IGK:TGTCAACAGGCTAACAGTTTCCCGCTCACTTTC
clonotype112,1,0.0019267822736,IGH:CARDSSSWLTSMAFDIW;IGK:CQQYNNWPPYTF,IGH:TGTGCGAGAGATAGCAGCAGCTGGTTAACCTCCATGGCTTTTGATATCTGG;IGK:TGTCAGCAGTATAATAACTGGCCTCCGTACACTTTT
clonotype119,1,0.0019267822736,IGH:CARHHFSNAFDIW;IGK:CQQYNSWPRTF,IGH:TGTGCGAGACATCACTTTTCCAATGCTTTTGATATTTGG;IGK:TGTCAGCAGTATAATAGCTGGCCTCGGACGTTC
clonotype118,1,0.0019267822736,IGH:CARVYTADYYYFDFW;IGK:CQQRNSYPVTF,IGH:TGTGCTAGAGTATATACTGCTGATTACTATTACTTTGACTTCTGG;IGK:TGTCAACAGCGTAATAGTTACCCTGTCACCTTC
clonotype24,1,0.0019267822736,IGH:CARDYYGSGSYYMAGIYYYYGMDVW;IGL:CSSYTSSSKVF,IGH:TGTGCGAGAGATTACTATGGTTCGGGGAGTTATTATATGGCGGGGATCTACTACTACTACGGTATGGACGTCTGG;IGL:TGCAGCTCATATACAAGCAGCAGCAAGGTATTC
clonotype25,1,0.0019267822736,IGH:CARDLNVW;IGK:CQQYINWPRSF,IGH:TGTGCGAGAGATCTTAACGTTTGG;IGK:TGTCAGCAATATATTAACTGGCCTCGGTCTTTC
clonotype26,1,0.0019267822736,IGH:CSHLLGIQGSGAWPYFDYW;IGL:CCSYAGSSTFVVF,IGH:TGTTCACACCTTTTGGGAATACAAGGATCTGGTGCGTGGCCCTATTTTGACTACTGG;IGL:TGCTGTTCATATGCAGGCAGTTCCACTTTTGTTGTGTTC
clonotype27,1,0.0019267822736,IGH:CARESKLYGDNGVYYYGMDVW;IGL:CNSRDSSGNHRVF,IGH:TGTGCGAGAGAGAGCAAACTCTACGGTGACAACGGGGTCTACTACTACGGTATGGACGTCTGG;IGL:TGTAACTCCCGGGACAGCAGTGGTAACCATCGAGTCTTC
clonotype20,1,0.0019267822736,IGH:CATSGADVGLLSPRLDYW;IGK:CQQYDNLPITF,IGH:TGTGCAACAAGCGGGGCTGATGTGGGATTACTTTCGCCCCGCCTTGACTACTGG;IGK:TGTCAACAGTATGATAATCTCCCGATCACCTTC
clonotype21,1,0.0019267822736,IGH:CATVRIVAAGTIDYW;IGL:CQTWGTVVVF,IGH:TGTGCGACAGTCCGTATAGTTGCAGCTGGTACCATTGACTACTGG;IGL:TGTCAGACCTGGGGCACTGTTGTGGTATTC
clonotype22,1,0.0019267822736,IGH:CAKLQQFGELPLDYW;IGL:CCSYAGSYNVVF,IGH:TGTGCGAAACTCCAGCAGTTCGGGGAGTTACCCCTTGACTACTGG;IGL:TGCTGCTCATATGCAGGCAGCTACAATGTGGTATTC
clonotype23,1,0.0019267822736,IGH:CARIWDDSSGYYLDYW;IGL:CAAWDDSLSGHVVF,IGH:TGTGCACGGATATGGGATGATAGTAGTGGTTATTACCTAGACTACTGG;IGL:TGTGCAGCATGGGATGACAGCCTGAGTGGTCATGTGGTATTC
clonotype28,1,0.0019267822736,IGH:CATTMITETNYDYYGMDVW;IGK:CQQYGSSPLYTF,IGH:TGTGCGACCACCATGATTACGGAGACTAACTACGACTACTACGGTATGGACGTCTGG;IGK:TGTCAGCAGTATGGTAGCTCACCCCTGTACACTTTT
clonotype29,1,0.0019267822736,IGH:CARGGDGGDYDDAFDIW;IGK:CQKYNSAPLTF,IGH:TGTGCGAGAGGCGGAGACGGCGGTGACTACGATGATGCTTTTGATATCTGG;IGK:TGTCAAAAGTATAACAGTGCCCCTCTGACGTTC
clonotype201,1,0.0019267822736,IGH:CARRPEQYCGGDCTYWYFDLW;IGL:CNSRDSSGNHVVF,IGH:TGTGCGAGACGTCCCGAACAATATTGTGGTGGTGACTGCACCTACTGGTACTTCGATCTCTGG;IGL:TGTAACTCCCGGGACAGCAGTGGTAACCATGTGGTATTC
clonotype200,1,0.0019267822736,IGH:CAKDRSSGYDILTGIDYW;IGK:CQQYDNLPFTF,IGH:TGTGCGAAAGATCGGTCGAGTGGTTACGATATTTTGACTGGTATTGACTACTGG;IGK:TGTCAACAGTATGATAATCTCCCTTTCACTTTC
clonotype203,1,0.0019267822736,IGH:CAHRRGGHDWFDPW;IGK:CQQYYSTPYTF,IGH:TGTGCACACAGACGCGGAGGCCACGACTGGTTCGACCCCTGG;IGK:TGTCAGCAATATTATAGTACTCCCTACACTTTT
clonotype202,1,0.0019267822736,IGH:CARDQYGDYYFDYW;IGL:CQSYDSSLSGRVF,IGH:TGTGCGAGAGACCAATACGGTGACTACTACTTTGACTACTGG;IGL:TGCCAGTCCTATGACAGCAGCCTGAGTGGTAGGGTATTC
clonotype205,1,0.0019267822736,IGH:CATRCRQCSTWYPIQKDYSFDFW;IGL:CAVWDDSLKAVVI,IGH:TGTGCGACACGTTGCCGCCAATGCAGCACCTGGTATCCCATACAAAAAGACTACTCCTTTGACTTCTGG;IGL:TGTGCAGTGTGGGATGACAGCCTGAAAGCTGTGGTCATC
clonotype204,1,0.0019267822736,IGH:CVPDILTGYYYNYFHYW;IGL:CSSYRSSSTWVF,IGH:TGTGTTCCTGATATTTTGACTGGTTATTATTATAACTACTTTCACTACTGG;IGL:TGCAGCTCATATAGAAGCAGCAGCACTTGGGTGTTC
clonotype207,1,0.0019267822736,IGH:CARENWRYYDSSGYYRALDIW;IGK:CQQYSASPPTF,IGH:TGTGCAAGAGAGAACTGGCGTTATTATGATAGCAGTGGTTATTACAGGGCCTTAGATATCTGG;IGK:TGTCAACAATATTCTGCTTCTCCTCCCACTTTC
clonotype206,1,0.0019267822736,IGH:CARDAQYCSGGNCFFPFDFW;IGK:CQQYYSTPRTF,IGH:TGTGCGAGAGATGCTCAGTATTGTAGTGGTGGTAACTGCTTCTTCCCTTTTGACTTCTGG;IGK:TGTCAGCAATATTATAGTACTCCTAGGACGTTC
clonotype209,1,0.0019267822736,IGH:CARVGLELRGWYFDLW;IGL:CCSYAGSSTYYVF,IGH:TGTGCGAGAGTGGGCCTCGAACTAAGGGGCTGGTACTTCGATCTCTGG;IGL:TGCTGCTCATATGCAGGTAGTAGCACCTATTATGTCTTC
clonotype208,1,0.0019267822736,IGH:CARDNSGYDYYYGMDVW;IGK:CQQRSNWLYTF,IGH:TGTGCGAGGGACAATAGTGGCTACGATTACTACTACGGTATGGACGTCTGG;IGK:TGTCAGCAGCGTAGCAACTGGCTGTACACTTTT
clonotype380,1,0.0019267822736,IGH:CATLAPYRLYYYDSSGPGTFDYW;IGK:CQQYGSSLYTF,IGH:TGTGCCACCCTGGCCCCTTATAGACTTTATTACTATGATAGTAGTGGTCCCGGGACTTTTGACTACTGG;IGK:TGTCAGCAGTATGGTAGCTCACTGTACACTTTT
clonotype381,1,0.0019267822736,IGH:CARGSGYNYPFDYW;IGL:CSSYTSSSTPHVVF,IGH:TGTGCGAGAGGTTCCGGCTACAATTACCCCTTTGACTACTGG;IGL:TGCAGCTCATATACAAGCAGCAGCACTCCTCATGTGGTATTC
clonotype382,1,0.0019267822736,IGH:CAKGGGYFEYW;IGK:CQQYGRSPRTF,IGH:TGTGCGAAAGGAGGGGGCTACTTTGAATACTGG;IGK:TGTCAGCAGTATGGTAGGTCACCCCGGACGTTC
clonotype383,1,0.0019267822736,IGH:CARTLENCSGGSCYPGPASYYFDYW;IGL:CQAWDSSTHVVF,IGH:TGTGCGAGAACTCTGGAGAATTGTAGTGGTGGTAGCTGCTACCCAGGGCCAGCCTCGTACTACTTTGACTACTGG;IGL:TGTCAGGCGTGGGACAGCAGCACTCATGTGGTATTC
clonotype384,1,0.0019267822736,IGH:CARHGANYDVLTASSLGASIDYW;IGK:CQQSDSTPLTF,IGH:TGTGCGAGACATGGTGCCAATTACGATGTTTTGACTGCTTCTTCATTGGGGGCCTCGATTGACTACTGG;IGK:TGTCAACAGAGTGACAGTACCCCCCTCACTTTT
clonotype385,1,0.0019267822736,IGH:CAKALLRGSGYPGPIDYW;IGK:CQQYNSYSYTF,IGH:TGTGCGAAAGCCCTACTAAGGGGTAGTGGTTATCCGGGACCTATAGACTACTGG;IGK:TGCCAACAGTATAATAGTTATTCGTACACTTTT
clonotype386,1,0.0019267822736,IGK:CQQLKTYPWTF,IGK:TGTCAACAGCTAAAAACTTACCCGTGGACTTTC
clonotype387,1,0.0019267822736,IGH:CARDTHASGIDSW;IGK:CQQYYYTPRAF,IGH:TGTGCGAGAGATACTCATGCTTCGGGAATTGACTCCTGG;IGK:TGTCAGCAATATTATTATACTCCTCGGGCTTTC
clonotype388,1,0.0019267822736,IGH:CATQAYSSGWGFDYW;IGK:CMQSIQVPYTF,IGH:TGTGCGACCCAGGCGTATAGCAGTGGCTGGGGATTTGACTACTGG;IGK:TGCATGCAAAGTATACAGGTTCCGTACACTTTT
clonotype389,1,0.0019267822736,IGH:CARARHRRFTVERRLFYFDQW;IGK:CQQTYSSLFLTF,IGH:TGTGCGAGAGCCCGACATCGACGTTTTACTGTGGAGCGAAGACTTTTTTACTTTGACCAGTGG;IGK:TGTCAACAGACTTACAGTTCCCTCTTCCTCACTTTC
clonotype379,1,0.0019267822736,IGH:CVKEGSEYYYDSSGYDFW;IGK:CMQFLQTPWTF,IGH:TGTGTGAAAGAAGGTTCGGAATATTACTATGATAGTAGTGGGTATGACTTCTGG;IGK:TGCATGCAATTTCTCCAAACTCCGTGGACGTTC
clonotype378,1,0.0019267822736,IGH:CARSSGYGGDAFDIW;IGL:CAAWDDSLSGQVF,IGH:TGTGCGAGATCTAGTGGCTATGGGGGTGATGCTTTTGATATCTGG;IGL:TGTGCAGCATGGGATGACAGCCTGAGTGGTCAAGTGTTC
clonotype375,1,0.0019267822736,IGH:CARDAQSIMDVW;IGL:CQSYDSSLSGYVF,IGH:TGTGCGAGAGATGCACAATCGATTATGGACGTCTGG;IGL:TGCCAGTCCTATGACAGCAGCCTGAGTGGTTATGTCTTC
clonotype374,1,0.0019267822736,IGH:CSCKWTTSGNYQVYW;IGK:CQKYNSAPWTF,IGH:TGTTCGTGTAAATGGACGACTTCGGGGAATTATCAGGTCTACTGG;IGK:TGTCAAAAGTATAACAGTGCCCCGTGGACGTTC
clonotype377,1,0.0019267822736,IGH:CAKDLSPRAAAGSDYW;IGL:CQVWDSSSDHVVF,IGH:TGTGCGAAAGATCTATCCCCCAGGGCAGCAGCTGGATCTGACTACTGG;IGL:TGTCAGGTGTGGGATAGTAGTAGTGATCATGTGGTATTC
clonotype376,1,0.0019267822736,IGH:CARDISSGWYGRGGAFDIW;IGL:CSTWDYSLSAVVF,IGH:TGTGCGAGAGATATTAGCAGTGGCTGGTACGGTCGTGGGGGTGCTTTTGATATCTGG;IGL:TGTTCAACATGGGACTACAGCCTCAGTGCTGTGGTATTC
clonotype371,1,0.0019267822736,IGH:CARALAAGVGASSNW;IGK:CQQYYTTPYTF,IGH:TGTGCGAGAGCCCTTGCCGCGGGAGTGGGAGCTTCTTCCAACTGG;IGK:TGTCAGCAATATTATACTACTCCGTACACTTTT
clonotype370,1,0.0019267822736,IGH:CARETTNPREWDGWGMDVW;IGL:CQSYDSSLSGWVF;IGL:CQSADSSGTYKVF,IGH:TGTGCGAGAGAAACTACGAACCCCCGTGAATGGGACGGATGGGGTATGGACGTCTGG;IGL:TGCCAGTCCTATGACAGCAGCCTGAGTGGTTGGGTGTTC;IGL:TGTCAATCAGCAGACAGCAGTGGTACTTATAAGGTATTC
clonotype373,1,0.0019267822736,IGH:CARDPTQGSSTWYPAAHNWFDPW;IGL:CQSFDSSLSAWVF,IGH:TGTGCGAGGGATCCGACGCAGGGCAGTAGCACCTGGTACCCGGCAGCTCACAACTGGTTCGACCCCTGG;IGL:TGCCAGTCGTTTGACAGCAGCCTGAGTGCCTGGGTTTTC
clonotype372,1,0.0019267822736,IGH:CAHSDLGYYGSGSYYDYW;IGK:CQQYYSYPRTF,IGH:TGTGCACACAGTGATCTAGGTTACTATGGTTCGGGGAGTTATTATGACTACTGG;IGK:TGTCAACAGTATTATAGTTACCCTCGGACGTTC
clonotype274,1,0.0019267822736,IGH:CARDEHSSGQVGGWFDPW;IGK:CQQYDNLPVTF,IGH:TGTGCGAGAGATGAGCATAGCAGTGGCCAGGTGGGGGGGTGGTTCGACCCCTGG;IGK:TGTCAACAGTATGATAATCTCCCCGTCACTTTT
clonotype275,1,0.0019267822736,IGH:CARVTRYCSSTSCHKSYYFDYW;IGK:CQQSYSTPYTF,IGH:TGTGCGAGAGTTACCCGATATTGTAGTAGTACCAGCTGCCATAAGAGCTACTACTTTGACTACTGG;IGK:TGTCAACAGAGTTACAGTACCCCGTACACTTTT
clonotype276,1,0.0019267822736,IGH:CAKVMRESSTTSKWEFDDW;IGK:CQQRSNWPLTF,IGH:TGTGCGAAAGTGATGCGGGAGTCTTCGACCACCAGCAAGTGGGAGTTTGACGACTGG;IGK:TGTCAGCAGCGTAGCAACTGGCCTCTCACTTTC
clonotype277,1,0.0019267822736,IGH:CAREGGAGNSFDYW;IGK:CMQALDRPRTF,IGH:TGTGCGAGAGAGGGTGGGGCCGGAAACTCCTTTGATTACTGG;IGK:TGCATGCAAGCTCTAGACAGGCCTCGCACTTTC
clonotype270,1,0.0019267822736,IGH:CARESGYDSLNDYW;IGK:CQQRSNWPLTF,IGH:TGTGCGAGAGAAAGTGGCTACGATTCCCTAAATGACTACTGG;IGK:TGTCAGCAGCGTAGCAACTGGCCTCTCACTTTC
clonotype271,1,0.0019267822736,IGH:CARDKGFGELPHRYFDLW;IGL:CQSADSSGTFYVVF,IGH:TGTGCGAGAGATAAGGGGTTCGGGGAGTTACCTCACCGGTACTTCGATCTCTGG;IGL:TGTCAATCAGCAGACAGCAGTGGTACTTTTTATGTGGTATTC
clonotype272,1,0.0019267822736,IGH:CAKEAMVRGVSGAFDIW;IGL:CQVWDSSSDHEVF,IGH:TGTGCAAAAGAAGCTATGGTTCGGGGAGTTAGTGGAGCTTTTGATATCTGG;IGL:TGTCAGGTGTGGGATAGTAGTAGTGATCATGAGGTATTC
clonotype273,1,0.0019267822736,IGH:CARRFFYGGSSFGFDIW;IGK:CLADHNYLGTF,IGH:TGTGCCAGGCGGTTCTTCTACGGTGGTAGTTCCTTTGGTTTTGATATCTGG;IGK:TGTCTTGCAGATCACAATTACCTCGGGACCTTC
clonotype278,1,0.0019267822736,IGH:CASGLVWWDSW;IGL:CSAWDSSLSAWVF,IGH:TGTGCGAGCGGGCTGGTGTGGTGGGACTCCTGG;IGL:TGCTCAGCATGGGACAGCAGCCTCAGTGCTTGGGTATTC
clonotype279,1,0.0019267822736,IGH:CLRGGWLGSLDYW;IGL:CLLCNIGTRPVVF,IGH:TGTCTCCGGGGTGGGTGGCTAGGATCACTTGACTACTGG;IGL:TGCTTGCTCTGCAACATTGGTACTCGGCCGGTGGTATTC
clonotype159,1,0.0019267822736,IGH:CARQGNSWSSNYYYFMDVW;IGK:CQLFGRSPTWTF,IGH:TGTGCGCGACAGGGCAACAGCTGGTCTTCGAACTACTACTACTTCATGGACGTCTGG;IGK:TGTCAGCTCTTTGGTCGGTCACCCACGTGGACCTTC
clonotype158,1,0.0019267822736,IGH:CARHVGGYTYVAYYYYMDVW;IGL:CCSYTGTYTSVIF,IGH:TGTGCGAGACATGTCGGTGGATACACCTATGTCGCCTACTACTACTACATGGACGTCTGG;IGL:TGCTGCTCATATACAGGCACCTACACTTCCGTGATATTC
clonotype151,1,0.0019267822736,IGH:CARCRIERAGWFDPW;IGK:CQQYYGTPYTF,IGH:TGTGCGAGATGTCGAATCGAAAGGGCGGGGTGGTTCGACCCCTGG;IGK:TGTCAGCAATATTATGGTACTCCGTACACTTTT
clonotype150,1,0.0019267822736,IGH:CARLSTMLRGVTTGAAFDIW;IGK:CMQALETPLFTF,IGH:TGTGCGAGACTGAGTACTATGCTTCGGGGAGTTACCACGGGTGCTGCTTTTGATATCTGG;IGK:TGCATGCAAGCTCTAGAAACTCCCCTATTCACTTTC
clonotype153,1,0.0019267822736,IGH:CASLESGRGQWHHWGAFDIW;IGK:CMQATQFPPLTF;IGL:CQSADSSGTYVVF,IGH:TGTGCGAGTCTCGAGTCTGGAAGAGGGCAGTGGCATCACTGGGGTGCTTTTGATATCTGG;IGK:TGCATGCAAGCTACACAGTTTCCCCCTCTCACTTTC;IGL:TGTCAATCAGCAGACAGCAGTGGTACTTATGTGGTATTC
clonotype152,1,0.0019267822736,IGH:CARALSRFGELWSTPHFDYW;IGL:CGTWDSSLSAVVF,IGH:TGTGCGAGAGCGCTGTCACGGTTCGGGGAGTTATGGTCCACCCCCCACTTTGACTACTGG;IGL:TGCGGAACATGGGATAGCAGCCTGAGTGCCGTGGTATTC
clonotype155,1,0.0019267822736,IGH:CAKNGAFALDSW;IGK:CQRFDEPTLYTF,IGH:TGTGCGAAAAACGGAGCCTTCGCCCTTGACTCCTGG;IGK:TGTCAGCGGTTTGATGAGCCAACTTTGTACACTTTT
clonotype154,1,0.0019267822736,IGK:CQQYYSYPWTF,IGK:TGTCAACAGTATTATAGTTACCCGTGGACGTTC
clonotype157,1,0.0019267822736,IGH:CARGGRLDTAMVYYYW;IGK:CQQYGSSPRTF,IGH:TGTGCGAGAGGTGGGCGCTTGGATACAGCTATGGTTTATTACTACTGG;IGK:TGTCAGCAGTATGGTAGCTCACCGCGGACGTTC
clonotype156,1,0.0019267822736,IGH:CAREGEDNYGSLYYFQDW,IGH:TGTGCGAGAGAGGGAGAAGACAACTATGGTTCATTATACTACTTTCAAGACTGG
clonotype298,1,0.0019267822736,IGH:CARHSAYDSSGYWSTHAFDIW;IGK:CMQALQSPFTF,IGH:TGTGCGAGACATTCCGCCTATGATAGTAGTGGTTATTGGTCTACGCATGCTTTTGATATCTGG;IGK:TGCATGCAAGCGCTACAAAGTCCCTTCACCTTC
clonotype299,1,0.0019267822736,IGH:CAKRDLAGTSWDGNWFDPW;IGK:CQQYNNWPPLTF,IGH:TGTGCGAAGCGGGACCTAGCCGGCACCAGTTGGGACGGCAACTGGTTCGACCCCTGG;IGK:TGTCAGCAGTATAATAACTGGCCTCCGCTCACTTTC
clonotype128,1,0.0019267822736,IGH:CAKGAWDISYHYSYYMDVW;IGK:CQQYYSTPRF,IGH:TGTGCGAAAGGGGCTTGGGATATTTCGTACCACTACTCCTACTACATGGACGTCTGG;IGK:TGTCAGCAATATTATAGTACTCCCCGTTTT
clonotype129,1,0.0019267822736,IGL:CGTWDNSLSAYVVF,IGL:TGCGGAACATGGGATAACAGCCTGAGTGCGTATGTGGTATTC
clonotype124,1,0.0019267822736,IGH:CARDLGVSGPEDAW;IGK:CHQRHIWPRGF,IGH:TGTGCGAGAGATCTGGGGGTCAGCGGCCCCGAGGACGCCTGG;IGK:TGTCATCAGCGTCACATCTGGCCTCGGGGATTC
clonotype125,1,0.0019267822736,IGH:CARRGDGYNFLGPAFDIW;IGK:CQQYNNWPQTF,IGH:TGTGCGAGACGGGGAGATGGCTACAATTTTCTTGGGCCTGCTTTTGATATCTGG;IGK:TGTCAGCAGTATAATAACTGGCCTCAGACTTTT
clonotype126,1,0.0019267822736,IGH:CARGPAAPPGYFDYW;IGL:CQTWGTGIVVF,IGH:TGTGCGAGAGGACCAGCTGCGCCCCCGGGTTACTTTGACTACTGG;IGL:TGTCAGACCTGGGGCACTGGCATTGTGGTATTC
clonotype127,1,0.0019267822736,IGL:CAAWDDSLNGPVF,IGL:TGTGCAGCATGGGATGACAGCCTGAATGGTCCGGTCTTC
clonotype120,1,0.0019267822736,IGH:CARAITWPYCFHYW;IGK:CQKYNSAPFTF,IGH:TGTGCAAGGGCCATCACCTGGCCATACTGCTTTCACTACTGG;IGK:TGTCAAAAGTATAACAGTGCCCCATTCACTTTC
clonotype121,1,0.0019267822736,IGH:CAKSCAGHCYDKGHDAFDIW;IGK:CQQARSFPFTF,IGH:TGTGCGAAATCTTGTGCTGGTCACTGCTATGACAAGGGGCATGATGCTTTTGATATCTGG;IGK:TGTCAACAGGCTCGCAGTTTTCCATTCACCTTC
clonotype122,1,0.0019267822736,IGH:CARFRLDAYYYYYMDVW;IGK:CQQSYSTPYTF,IGH:TGTGCGAGATTTCGCCTCGACGCCTACTACTACTACTACATGGACGTCTGG;IGK:TGTCAACAGAGTTACAGTACCCCGTACACTTTT
clonotype123,1,0.0019267822736,IGH:CARRRYCSGGSCYSGTFDYW;IGL:CETWDSNTQVF,IGH:TGTGCGAGAAGGCGGTATTGTAGTGGTGGTAGCTGCTACTCCGGGACCTTTGACTACTGG;IGL:TGTGAGACCTGGGACAGTAACACTCAGGTCTTC
clonotype331,1,0.0019267822736,IGH:CAHTLYTSGGSGAFDVW;IGK:CQQYYNSPYTF,IGH:TGTGCACACACCCTGTATACCAGTGGGGGCTCGGGTGCTTTTGATGTCTGG;IGK:TGTCAGCAATATTATAATAGTCCGTACACTTTT
clonotype330,1,0.0019267822736,IGH:CVATVTGTPLHPYFDLW;IGK:CQQYNNWPLYSF,IGH:TGTGTTGCCACAGTGACTGGAACGCCTCTGCACCCTTACTTTGACCTCTGG;IGK:TGTCAGCAGTATAATAACTGGCCCCTGTACAGTTTT
clonotype59,1,0.0019267822736,IGH:CAMNPRVMDVW;IGK:CMQASHWPPTF,IGH:TGTGCGATGAACCCACGCGTTATGGACGTCTGG;IGK:TGCATGCAAGCTTCACACTGGCCTCCGACTTTC
clonotype58,1,0.0019267822736,IGH:CARGVTTNYYYYYMDVW;IGK:CQQYNNWPQTF,IGH:TGTGCGAGGGGTGTGACTACGAACTACTACTACTACTACATGGACGTCTGG;IGK:TGTCAGCAGTATAATAACTGGCCTCAAACGTTC
clonotype55,1,0.0019267822736,IGH:CARDLDYGDYGGGIDRW;IGK:CQQRSNWPQAFAF,IGH:TGTGCGAGAGACCTGGACTATGGTGACTACGGAGGGGGAATTGACCGCTGG;IGK:TGTCAGCAGCGTAGCAACTGGCCCCAGGCATTCGCTTTC
clonotype54,1,0.0019267822736,IGH:CAKGPFYYDGSGYYSVNFFDPW;IGK:CMQALQTPITF,IGH:TGTGCGAAAGGACCTTTTTATTATGATGGTAGTGGTTATTATTCGGTTAACTTCTTCGACCCCTGG;IGK:TGCATGCAAGCTCTACAAACTCCTATCACCTTC
clonotype57,1,0.0019267822736,IGH:CARHGKDTTMVMSYYYYGMDVW;IGL:CSSYTSSSTVVF,IGH:TGTGCGAGACATGGTAAGGACACAACTATGGTTATGAGCTACTACTACTACGGTATGGACGTCTGG;IGL:TGCAGCTCATATACAAGCAGCAGCACTGTGGTATTC
clonotype56,1,0.0019267822736,IGH:CAKDTNYYGSGSYYIYW;IGK:CQQYDNLPITF,IGH:TGTGCGAAAGATACCAATTACTATGGTTCGGGGAGTTATTATATCTACTGG;IGK:TGTCAACAGTATGATAATCTCCCGATCACCTTC
clonotype51,1,0.0019267822736,IGH:CARISFSYYYGSDENNWFDPW;IGK:CQQRSNLFTF,IGH:TGTGCGAGAATATCTTTTTCGTATTACTATGGTTCGGATGAGAACAACTGGTTCGACCCCTGG;IGK:TGTCAGCAGCGTAGCAACTTATTCACTTTC
clonotype50,1,0.0019267822736,IGH:CAKHGSYSLDCW;IGK:CQQYSSPAFYTF,IGH:TGTGCGAAGCACGGTAGCTACTCCCTTGACTGCTGG;IGK:TGTCAGCAATATAGTAGCCCAGCTTTCTACACTTTT
clonotype53,1,0.0019267822736,IGH:CARDPSAGDYGWLDPW;IGK:CMQTLRIPPTF,IGH:TGTGCGAGAGATCCGTCCGCCGGTGACTACGGCTGGCTCGACCCCTGG;IGK:TGCATGCAAACTCTACGAATTCCTCCCACCTTC
clonotype52,1,0.0019267822736,IGH:CARGVTNVEMATPW;IGL:CQSADSSGTYIVF,IGH:TGTGCGAGAGGGGTTACTAACGTAGAGATGGCTACCCCGTGG;IGL:TGTCAATCAGCAGACAGCAGTGGTACTTATATAGTATTC
clonotype238,1,0.0019267822736,IGH:CAREGYCNEVSCWTFDSW;IGK:CQQRSNWPPTF,IGH:TGTGCGAGAGAGGGGTATTGTAATGAAGTCAGTTGTTGGACCTTTGACTCCTGG;IGK:TGTCAGCAACGTAGTAACTGGCCCCCCACCTTC
clonotype239,1,0.0019267822736,IGH:CARDYYDSGSANFDYW;IGK:CQQLNSYPYTF,IGH:TGTGCGAGAGATTACTATGATTCGGGGAGCGCCAACTTTGACTACTGG;IGK:TGTCAACAGCTTAATAGTTACCCGTACACTTTT
clonotype333,1,0.0019267822736,IGH:CAKALYNYETSAYSGDYYYYYMDVW;IGK:CQQCGSSPLTF,IGH:TGTGCGAAAGCGCTGTATAACTATGAAACTAGTGCTTATTCGGGGGATTACTATTACTATTACATGGACGTCTGG;IGK:TGTCAGCAATGTGGTAGCTCACCTCTCACTTTC
clonotype332,1,0.0019267822736,IGH:CARGVHHDILTGYYSDPHFEHW;IGK:CQQYYSTPYTF,IGH:TGTGCGAGAGGGGTTCATCATGATATCTTGACTGGTTATTATAGTGATCCCCATTTTGAACACTGG;IGK:TGTCAGCAATATTATAGTACTCCGTACACTTTT
clonotype335,1,0.0019267822736,IGH:CARETLGSSSWYAHFDYW;IGK:CHQSYSTPPTF,IGH:TGTGCGAGAGAAACCCTTGGGAGCAGCAGCTGGTACGCCCACTTTGACTACTGG;IGK:TGTCATCAGTCTTACAGTACCCCTCCGACGTTC
clonotype334,1,0.0019267822736,IGH:CARDRYSSSSNWFDPW;IGL:CNSRDSSGNHVVF,IGH:TGTGCGAGAGATCGGTATAGCAGCAGCAGCAACTGGTTCGACCCCTGG;IGL:TGTAACTCCCGGGACAGCAGTGGTAACCATGTGGTATTC
clonotype337,1,0.0019267822736,IGH:CARGPITGSTPLENW;IGL:CQSYDVTLSAVVF,IGH:TGTGCAAGAGGCCCTATAACTGGATCGACCCCTCTTGAAAACTGG;IGL:TGCCAGTCCTATGACGTCACACTGAGTGCGGTGGTCTTC
clonotype336,1,0.0019267822736,IGH:CAKDRLTTVTTFYYYYGMDVW;IGK:CQQYDNLPITF,IGH:TGTGCGAAAGATAGGCTGACTACGGTGACTACGTTCTACTACTACTACGGTATGGACGTCTGG;IGK:TGTCAACAGTATGATAATCTCCCGATCACCTTC
clonotype230,1,0.0019267822736,IGH:CAKDPPHGTSGWSYW;IGL:CNSYARSVAWVF,IGH:TGTGCGAAAGATCCCCCCCATGGTACCAGTGGCTGGTCTTACTGG;IGL:TGCAACTCATATGCAAGAAGCGTCGCTTGGGTGTTC
clonotype338,1,0.0019267822736,IGH:CAKDWGYASGTYFDCW;IGK:CQQYYSTPSLTF,IGH:TGTGCGAAAGATTGGGGCTATGCTTCGGGGACTTATTTTGACTGCTGG;IGK:TGTCAGCAATATTATAGTACTCCTTCGCTCACTTTC
clonotype232,1,0.0019267822736,IGH:CTRGPWEWELPLPLGYW;IGL:CLLYYGGAQLVF,IGH:TGTACTAGAGGCCCCTGGGAGTGGGAGCTACCGTTGCCTTTGGGTTACTGG;IGL:TGCCTGCTCTACTATGGTGGTGCTCAGCTAGTATTC
clonotype233,1,0.0019267822736,IGH:CARDLARGNYYGSESYYNGDLW;IGL:CRSYAGHSNVGVC,IGH:TGTGCGAGAGATCTGGCGCGCGGCAATTACTATGGTTCAGAGAGTTATTACAATGGAGACCTTTGG;IGL:TGCAGGTCATATGCAGGCCACAGCAATGTAGGGGTATGC
clonotype234,1,0.0019267822736,IGH:CAKDPPPGTSGWSYW;IGL:CNSYANTIAWVF,IGH:TGTGCGAAAGATCCCCCCCCTGGTACCAGTGGCTGGTCCTACTGG;IGL:TGCAACTCATATGCAAACACCATCGCTTGGGTGTTC
clonotype235,1,0.0019267822736,IGK:CQQYHNYPLTF,IGK:TGTCAACAATACCACAACTATCCACTCACTTTC
clonotype236,1,0.0019267822736,IGH:CARTYSSSWYDFEETDQNFGYW;IGK:CQQSYSTPYTF,IGH:TGTGCGAGAACGTATAGCAGCAGCTGGTACGACTTCGAGGAGACGGACCAAAACTTTGGCTACTGG;IGK:TGTCAACAGAGTTACAGTACCCCGTACACTTTT
clonotype237,1,0.0019267822736,IGH:CARAGVDDAFDIW;IGK:CQQYYSTPFTF,IGH:TGTGCGAGAGCCGGAGTCGATGATGCTTTTGATATCTGG;IGK:TGTCAGCAATATTATAGTACTCCATTCACTTTC
clonotype339,1,0.0019267822736,IGH:CARDGREYYYGSGSYYMDGMDVW;IGK:CMQGIHLPRTF,IGH:TGTGCGAGAGATGGTCGAGAGTATTACTATGGTTCGGGGAGTTATTATATGGACGGTATGGACGTCTGG;IGK:TGCATGCAAGGTATACACCTTCCTCGTACTTTT
clonotype231,1,0.0019267822736,IGH:CAKDIEPPPLLRYFDWLPEPGGMDVW;IGK:CQKYNSAPRTF,IGH:TGTGCAAAAGATATTGAACCCCCCCCATTATTACGATATTTTGACTGGTTACCAGAGCCAGGGGGTATGGACGTCTGG;IGK:TGTCAAAAGTATAACAGTGCCCCTCGGACGTTC
clonotype199,1,0.0019267822736,IGH:CARERLTNPSYYFDYW;IGK:CQQSYSTPRTF,IGH:TGTGCCAGAGAACGCCTTACTAACCCCAGTTACTACTTTGACTACTGG;IGK:TGTCAACAGAGTTACAGTACCCCTCGGACGTTC
clonotype198,1,0.0019267822736,IGH:CTGGGLRGRLRLRSEYFDDW;IGL:CCSYSSGDTFIF,IGH:TGTACAGGTGGCGGCTTAAGAGGGCGCCTACGATTGCGAAGCGAATATTTTGATGACTGG;IGL:TGTTGTTCATATTCCAGTGGAGATACTTTCATCTTC
clonotype195,1,0.0019267822736,IGH:CAKKTSRSYGSGSYFDYW;IGK:CQQYNNWPPYTF,IGH:TGTGCAAAAAAGACCTCACGATCTTATGGTTCGGGGAGTTATTTTGACTACTGG;IGK:TGTCAGCAGTATAATAACTGGCCTCCGTACACTTTT
clonotype194,1,0.0019267822736,IGH:CARGSHYYDSSGYYYVWAAFDIW;IGL:CSSYTSSSVVF,IGH:TGTGCGAGAGGGTCACATTACTATGATAGTAGTGGTTATTACTACGTTTGGGCTGCTTTTGATATCTGG;IGL:TGCAGCTCATATACAAGCAGCAGCGTGGTATTC
clonotype197,1,0.0019267822736,IGH:CARDTQDYYYYYYMDVW;IGK:CQQYNSYSTF,IGH:TGTGCGAGAGATACCCAGGATTACTACTACTACTACTACATGGACGTCTGG;IGK:TGCCAACAGTATAATAGTTATTCGACGTTC
clonotype196,1,0.0019267822736,IGH:CARGYGYYGSGSYYDYW;IGK:CQQYNSYPFTF,IGH:TGTGCGAGAGGATATGGTTACTATGGTTCGGGGAGTTATTACGACTACTGG;IGK:TGCCAACAGTATAATAGTTACCCTTTCACCTTC
clonotype191,1,0.0019267822736,IGH:CAREPDGGNRYDAFDIW;IGK:CQQYYSYPYTF,IGH:TGTGCGAGGGAACCAGACGGTGGGAACCGATATGATGCTTTTGATATCTGG;IGK:TGTCAACAGTATTATAGTTACCCGTACACTTTT
clonotype190,1,0.0019267822736,IGH:CAKATVFGYFDSW;IGK:CMQPLQAPPYTF,IGH:TGTGCGAAAGCTACGGTTTTCGGGTACTTTGACTCCTGG;IGK:TGCATGCAACCTCTACAAGCTCCTCCGTACACTTTT
clonotype193,1,0.0019267822736,IGH:CARLADWAAADLDRGAGYYYYGMDVW;IGK:CMQGTHWPWTF,IGH:TGTGCGAGACTGGCGGATTGGGCAGCAGCTGACCTCGACCGGGGTGCTGGATACTACTACTACGGTATGGACGTCTGG;IGK:TGCATGCAAGGTACACACTGGCCTTGGACGTTC
clonotype192,1,0.0019267822736,IGH:CARGLYSYRVGGFDYW;IGK:CQQFHNSPPVTF,IGH:TGTGCGAGAGGGTTGTACAGTTATCGGGTGGGGGGGTTTGACTACTGG;IGK:TGTCAGCAGTTTCATAACTCACCTCCGGTCACCTTC
clonotype344,1,0.0019267822736,IGH:CAKIEAQWLVSQDAFDIW;IGK:CQQRSNWPPVTF,IGH:TGTGCGAAAATCGAAGCCCAGTGGCTGGTCTCTCAGGATGCTTTTGATATCTGG;IGK:TGTCAGCAGCGTAGCAACTGGCCTCCGGTCACTTTC
clonotype345,1,0.0019267822736,IGH:CARERRLRLGDLWYYYGMDVW;IGK:CQQYYTTPYTF,IGH:TGTGCGAGAGAGAGGCGATTACGTTTGGGGGACTTATGGTATTACTACGGTATGGACGTCTGG;IGK:TGTCAGCAATATTATACTACTCCGTACACTTTT
clonotype346,1,0.0019267822736,IGH:CASPFYDNSGSNWFDPW;IGK:CQQADSFPLTF,IGH:TGTGCGAGTCCCTTCTATGATAATAGTGGCTCGAACTGGTTCGACCCCTGG;IGK:TGTCAACAGGCTGACAGTTTCCCCCTCACTTTT
clonotype347,1,0.0019267822736,IGH:CAGTTGYGTTWFGRIDRW;IGK:CQQTYKTPITF,IGH:TGTGCTGGGACAACCGGCTATGGCACTACTTGGTTCGGTCGGATTGACCGCTGG;IGK:TGTCAACAGACTTACAAAACCCCGATCACCTTC
clonotype340,1,0.0019267822736,IGH:CANGQFGSERSPYLNHYYYGVGVW;IGK:CMQGIRLPLTF,IGH:TGTGCGAACGGCCAGTTTGGTTCGGAGAGGTCTCCCTACCTTAACCACTACTACTACGGTGTGGGCGTCTGG;IGK:TGCATGCAAGGCATACGCCTTCCGCTCACTTTC
clonotype341,1,0.0019267822736,IGH:CARWQVVTAIDAFDIW;IGK:CQQSYSTLRTF,IGH:TGTGCGAGGTGGCAGGTGGTGACTGCTATTGATGCTTTTGATATCTGG;IGK:TGTCAACAGAGTTACAGTACCCTCCGGACGTTC
clonotype342,1,0.0019267822736,IGH:CARESDILATAADNHYGIDVW;IGL:CQSVDSIDTYTVYF,IGH:TGTGCGAGAGAATCCGATATATTGGCTACGGCTGCCGACAATCACTACGGTATCGATGTCTGG;IGL:TGTCAGTCAGTGGACAGCATTGATACTTATACCGTCTACTTC
clonotype343,1,0.0019267822736,IGH:CARRGYNVNDYYFDYW;IGL:CGTWDSSLTVVVF,IGH:TGTGCGAGGAGGGGTTACAACGTGAACGACTACTACTTTGACTACTGG;IGL:TGCGGAACATGGGATAGCAGCCTGACTGTTGTGGTATTC
clonotype348,1,0.0019267822736,IGH:CARDILTPYESW;IGL:CSSYTSSSTLVVF,IGH:TGTGCGAGAGATATTTTGACTCCTTATGAATCCTGG;IGL:TGCAGCTCATATACAAGCAGCAGCACTTTAGTGGTATTC
clonotype349,1,0.0019267822736,IGH:CRSGIVTMVRGVADFDYW;IGL:CSSFTRSNTYVF,IGH:TGTCGAAGTGGTATTGTGACTATGGTTCGGGGAGTTGCCGATTTTGACTACTGG;IGL:TGCAGCTCATTTACAAGAAGCAACACTTATGTCTTC
clonotype160,1,0.0019267822736,IGH:CARESDLKIAAAGISSFDYW;IGK:CQQSYSTPPTF,IGH:TGTGCGAGAGAGTCGGACTTAAAAATAGCAGCAGCTGGTATTAGCTCCTTTGACTACTGG;IGK:TGTCAACAGAGTTACAGTACCCCTCCGACGTTC
clonotype161,1,0.0019267822736,IGH:CARDRGKWEWELLLDYW;IGK:CQQRSNWPPSMAF,IGH:TGTGCGAGAGATCGGGGGAAGTGGGAGTGGGAGCTACTTCTTGACTACTGG;IGK:TGTCAGCAGCGTAGCAACTGGCCTCCCTCGATGGCCTTC
clonotype162,1,0.0019267822736,IGH:CGGHDGAWHDYT;IGK:CQQYVSTPRTF,IGH:TGTGGAGGACATGACGGTGCCTGGCACGACTACACG;IGK:TGTCAGCAGTATGTTAGCACACCTAGGACGTTC
clonotype163,1,0.0019267822736,IGH:CAKLLWGGSLTTDYW;IGK:CQQYNNWLTWTF,IGH:TGTGCGAAACTACTCTGGGGTGGGTCCTTAACTACCGACTACTGG;IGK:TGTCAGCAGTATAATAACTGGCTCACGTGGACGTTC
clonotype164,1,0.0019267822736,IGH:CAKWLDNDWHGDSFDLW;IGL:CSSFTVSNTLIF,IGH:TGTGCAAAGTGGTTAGACAACGACTGGCACGGGGACTCTTTTGATCTCTGG;IGL:TGCAGCTCCTTTACAGTCAGCAACACTTTGATATTC
clonotype165,1,0.0019267822736,IGK:CQQYYNLPQTF,IGK:TGTCAGCAGTATTATAATCTTCCTCAAACTTTT
clonotype166,1,0.0019267822736,IGH:CARRELVRGVNFDYW;IGK:CQQSYSTPRESF,IGH:TGTGCGAGACGGGAACTGGTTCGGGGAGTTAACTTTGACTACTGG;IGK:TGTCAACAGAGTTACAGTACCCCTCGAGAGAGTTTT
clonotype167,1,0.0019267822736,IGH:CARGPYCSSTSCPPDDAFDIW;IGK:CQQYYSTPLTF,IGH:TGTGCGAGAGGGCCCTATTGTAGTAGTACCAGCTGCCCCCCGGATGATGCTTTTGATATCTGG;IGK:TGTCAGCAATATTATAGTACTCCGCTCACTTTC
clonotype168,1,0.0019267822736,IGH:CARAPSGYDGPWYFDYW;IGK:CQQYYSYPHTF,IGH:TGTGCGAGGGCCCCTAGTGGCTACGATGGCCCGTGGTACTTTGACTACTGG;IGK:TGTCAACAGTATTATAGTTACCCTCATACTTTC
clonotype169,1,0.0019267822736,IGH:CARSRAWGSGYVDVW;IGL:CQSADISGSWIF,IGH:TGTGCGAGAAGTCGGGCATGGGGCAGTGGCTACGTGGACGTCTGG;IGL:TGTCAATCAGCAGACATCAGTGGTAGTTGGATATTT
clonotype19,1,0.0019267822736,IGH:CAKDLSGLEMWRNFFDHW;IGK:CQQYSDWPLTF,IGH:TGTGCGAAAGATCTCTCTGGTTTGGAGATGTGGAGGAACTTCTTTGACCACTGG;IGK:TGTCAGCAGTATAGTGACTGGCCTCTCACTTTC
clonotype393,1,0.0019267822736,IGH:CAKPSYYDILTGYHYW;IGK:CMQALQTPFTF,IGH:TGTGCGAAACCCTCGTATTACGATATTTTGACTGGTTATCACTACTGG;IGK:TGCATGCAAGCTCTACAAACTCCCTTCACTTTC
clonotype392,1,0.0019267822736,IGH:CARQFGRRCRHTECYYYGMDVW;IGL:CNSYTSSNTLVF,IGH:TGTGCGAGACAGTTCGGTCGGAGATGTCGACATACAGAATGCTACTACTACGGTATGGACGTCTGG;IGL:TGCAACTCATATACAAGCAGCAACACTCTGGTATTC
clonotype391,1,0.0019267822736,IGH:CARAPYYYDSSGLPGLFDPW;IGK:CQQYGSSPYITF,IGH:TGTGCGAGAGCACCCTATTACTATGATAGTAGTGGCCTCCCTGGCCTGTTCGACCCCTGG;IGK:TGTCAGCAGTATGGTAGCTCACCCTATATCACTTTC
clonotype390,1,0.0019267822736,IGH:CARTDYYYGSGSYPKPLYYYYYGMDVW;IGL:CGTWDSSLSAVVF,IGH:TGTGCGAGAACTGACTATTACTATGGTTCGGGGAGTTATCCTAAACCCCTTTACTACTACTACTACGGTATGGACGTCTGG;IGL:TGCGGAACATGGGATAGCAGCCTGAGTGCCGTGGTATTC
clonotype397,1,0.0019267822736,IGH:CATVVGYGSGSYNPPW;IGK:CQQYYSSPYTF,IGH:TGTGCAACCGTAGTGGGCTATGGTTCGGGGAGTTACAACCCACCATGG;IGK:TGTCAGCAATATTATAGTAGTCCGTACACTTTT
clonotype396,1,0.0019267822736,IGH:CAREYMPAMLMHYDFW;IGK:CMQVTQFPHTF,IGH:TGTGCGAGAGAATATATGCCCGCAATGTTAATGCACTATGACTTCTGG;IGK:TGCATGCAAGTTACACAATTTCCTCATACTTTT
clonotype395,1,0.0019267822736,IGH:CASLNSRQDAFDIW;IGK:CQQSYSTPPTF,IGH:TGTGCGAGTTTGAACTCCCGCCAGGATGCTTTTGATATCTGG;IGK:TGTCAACAGAGTTACAGTACCCCTCCGACGTTC
clonotype394,1,0.0019267822736,IGH:CAKDRWRWLQLVHFDYW;IGK:CQQYNSYPLTF,IGH:TGTGCAAAAGATAGGTGGAGATGGCTACAATTAGTCCACTTTGACTACTGG;IGK:TGCCAACAGTATAATAGTTATCCTCTCACTTTC
clonotype399,1,0.0019267822736,IGH:CARDQGGGYYYSYFQHW;IGK:CQQYNSYPWTF,IGH:TGTGCGAGAGATCAGGGGGGTGGTTATTACTACTCATACTTCCAGCACTGG;IGK:TGCCAACAGTATAATAGTTACCCGTGGACTTTT
clonotype398,1,0.0019267822736,IGH:CAAGWFGELFADAFDIW;IGL:CAAWDDSLNGVVF,IGH:TGTGCGGCCGGCTGGTTCGGGGAGTTATTCGCTGATGCTTTTGATATCTGG;IGL:TGTGCAGCATGGGATGACAGCCTGAATGGTGTGGTATTC
clonotype308,1,0.0019267822736,IGH:CTTATMV;IGK:CMQGTHWHTF,IGH:TGTACCACAGCTACCATGGTT;IGK:TGCATGCAAGGTACACACTGGCACACTTTT
clonotype309,1,0.0019267822736,IGH:CTRGLGATATHWFDPW;IGL:CCSYAGSYMLVF,IGH:TGTACGAGAGGCCTTGGAGCGACAGCCACTCATTGGTTCGACCCCTGG;IGL:TGTTGCTCGTATGCAGGCAGTTATATGTTGGTGTTC
clonotype87,1,0.0019267822736,IGH:CARETRTAGDRNYYYYMEVW;IGL:CNSRDTSGNRLLF,IGH:TGTGCGAGAGAAACTAGGACAGCCGGAGACCGGAACTATTACTACTACATGGAGGTCTGG;IGL:TGTAACTCCCGGGACACCAGTGGTAACCGTCTCCTATTC
clonotype300,1,0.0019267822736,IGH:CARDPTTLTDYYYYMDVW;IGL:CQAWDRYTYVF,IGH:TGTGCGAGGGATCCAACTACGCTGACCGACTACTACTACTATATGGACGTCTGG;IGL:TGTCAGGCGTGGGACAGGTACACTTATGTCTTT
clonotype301,1,0.0019267822736,IGH:CARRAYYGPDYW;IGL:CSSYAGSNNVF,IGH:TGTGCGAGAAGGGCTTACTATGGTCCGGACTACTGG;IGL:TGCAGCTCATATGCAGGCAGCAACAATGTCTTC
clonotype302,1,0.0019267822736,IGH:CACLAAAGTSYYYYYGMDVW;IGK:CQQYGSSPPWTF,IGH:TGTGCTTGCTTAGCAGCAGCTGGTACGAGTTACTACTACTACTACGGTATGGACGTCTGG;IGK:TGTCAGCAGTATGGTAGCTCACCTCCGTGGACGTTC
clonotype303,1,0.0019267822736,IGH:CARQPVEDGYNFDYW;IGK:CQQSYSTPYTF,IGH:TGTGCGAGACAACCGGTAGAAGATGGCTACAACTTTGACTACTGG;IGK:TGTCAACAGAGTTACAGTACCCCGTACACTTTT
clonotype304,1,0.0019267822736,IGH:CARRLLRSFLGYCSGDNCYGSFDYW;IGK:CQQSYSTPITF,IGH:TGTGCGAGACGGCTCCTTCGTAGCTTTCTAGGATATTGTAGTGGTGATAACTGCTACGGGTCTTTTGACTACTGG;IGK:TGTCAACAGAGTTACAGCACCCCTATCACTTTC
clonotype305,1,0.0019267822736,IGH:CAHTQQWLATFDYW;IGK:CQQYNNWPPWTF,IGH:TGTGCACACACTCAGCAGTGGCTGGCGACCTTTGACTACTGG;IGK:TGTCAGCAGTATAATAACTGGCCTCCGTGGACGTTC
clonotype306,1,0.0019267822736,IGH:CAKDGVKSGRSSPFDCW;IGK:CQQRSNWPLTF,IGH:TGTGCGAAAGATGGGGTTAAAAGTGGGAGATCCAGCCCATTTGACTGCTGG;IGK:TGTCAGCAGCGTAGCAACTGGCCGCTCACTTTC
clonotype307,1,0.0019267822736,IGH:CARGRGPRVATITPYYYDSSGYLDYW;IGK:CQKYNSAPRTF,IGH:TGTGCGAGAGGCAGAGGTCCTAGAGTGGCTACGATTACGCCGTATTACTATGATAGTAGTGGTTACCTCGACTACTGG;IGK:TGTCAAAAGTATAACAGTGCCCCTCGGACGTTC
clonotype267,1,0.0019267822736,IGH:CARGGSFSSGWLTYW;IGK:CHQYGDSGTF,IGH:TGTGCGAGAGGGGGCTCGTTTAGCAGCGGCTGGTTAACCTACTGG;IGK:TGTCACCAGTATGGTGACTCAGGGACGTTC
clonotype266,1,0.0019267822736,IGH:CARHYDHSRFDPW;IGK:CQQYNNWPRTF,IGH:TGTGCGAGACATTATGACCATTCCCGGTTCGACCCCTGG;IGK:TGTCAGCAGTATAATAACTGGCCTCGGACTTTT
clonotype265,1,0.0019267822736,IGH:CARDVNPYYFISKW;IGL:CATWDDSLNGYVF,IGH:TGTGCGAGAGATGTAAACCCGTATTATTTTATTTCAAAATGG;IGL:TGTGCAACATGGGATGACAGCCTGAATGGTTATGTCTTC
clonotype264,1,0.0019267822736,IGH:CATEGQGKAAAVFDYW;IGK:CQQYYDTPHTF,IGH:TGTGCCACAGAGGGGCAAGGGAAAGCAGCTGCCGTATTTGACTACTGG;IGK:TGTCAGCAATATTATGATACTCCTCACACTTTT
clonotype263,1,0.0019267822736,IGH:CARGPLYNGGWRRGDAFDMW;IGK:CQQYNDLPYTF,IGH:TGTGCGAGAGGCCCCCTTTATAACGGTGGCTGGCGAAGGGGTGATGCTTTTGATATGTGG;IGK:TGTCAACAGTATAATGATCTCCCGTACACTTTT
clonotype262,1,0.0019267822736,IGH:CARVVSGVAAADYW;IGL:CSSYAGTNNYVF,IGH:TGTGCGAGAGTTGTAAGTGGTGTAGCAGCAGCTGACTACTGG;IGL:TGCAGCTCATATGCAGGCACCAACAATTATGTCTTC
clonotype261,1,0.0019267822736,IGK:CQQSYSTPLTF,IGK:TGTCAACAGAGTTACAGTACCCCCCTCACTTTC
clonotype260,1,0.0019267822736,IGH:CAKDGTRNGYSYFDYW;IGK:CMQATQFPPYTF,IGH:TGTGCGAAAGACGGGACCCGCAACGGATACAGCTATTTCGACTACTGG;IGK:TGCATGCAAGCGACACAATTTCCTCCGTACACTTTT
clonotype269,1,0.0019267822736,IGH:CARDAYGGNSYFDYW;IGL:CSSYTSSSTLVF,IGH:TGTGCGAGAGATGCCTACGGTGGTAACTCCTACTTTGACTACTGG;IGL:TGCAGCTCATATACAAGCAGCAGCACTCTGGTATTC
clonotype268,1,0.0019267822736,IGH:CAKDAYGWWLRYLFDYW;IGK:CQQYGSSPLWTF,IGH:TGTGCGAAAGATGCGTATGGTTGGTGGCTACGATATTTGTTTGACTACTGG;IGK:TGTCAGCAGTATGGTAGCTCACCTCTGTGGACGTTC
